Product ID,Product Name,Category,Month of Sale,Sales,Quantity,Profit,Dimensions,Current Shelf,Discount
I2M90S,Elegant Skirt,Clothing,7,528.55,1,11.75,"44""W x 41""D x 44""H",10,0.03
DXK6LD,Classic Notebook Set,Stationary Items,10,633.39,2,-21.4,"37""W x 17""D x 41""H",13,0.19
RJMEEJ,Durable Binder,Office Supplies,2,378.78,6,68.05,"26""W x 43""D x 59""H",20,0.45
76VGJ1,Trendy Sweater,Clothing,5,874.69,7,-60.95,"23""W x 20""D x 32""H",1,0.47
JFPCQ8,Exclusive Collectors Item,Others,8,74.97,1,-15.84,"23""W x 18""D x 58""H",9,0.31
VR3T74,Rare Masterpiece,Others,6,404.1,1,45.37,"14""W x 45""D x 28""H",3,0.25
YUR4BB,Portable Laptop,Technology,5,176.65,8,-97.43,"46""W x 17""D x 65""H",4,0.25
45U0FQ,Wireless Keyboard,Technology,7,172,3,25.08,"48""W x 18""D x 25""H",17,0.38
IJT8CQ,Versatile Dishwasher,Appliances,6,75.09,2,-47.56,"45""W x 46""D x 45""H",8,0.48
5JT90E,Comfortable Sweater,Clothing,9,133,4,82.69,"35""W x 35""D x 70""H",2,0.1
33A793,Advanced Printer,Technology,6,559.68,1,94.9,"39""W x 17""D x 70""H",20,0.36
XFGXDI,Refined Pen Collection,Stationary Items,2,609.08,1,81.31,"31""W x 16""D x 42""H",9,0.21
SN5ECT,Functional File Cabinet,Office Supplies,12,529.6,1,85.84,"39""W x 18""D x 80""H",7,0.13
1I32JR,Comfortable T-Shirt,Clothing,11,922.39,3,3.33,"44""W x 46""D x 80""H",8,0.06
2DWDOJ,Artisan Fruit Basket,Grocery,5,75.58,7,-87.05,"14""W x 35""D x 22""H",13,0.38
SSELIR,Innovative Printer,Technology,9,779.3,2,14.42,"40""W x 37""D x 52""H",7,0.38
II55MQ,Advanced Tablet,Technology,8,172.76,2,97.23,"16""W x 37""D x 46""H",8,0.42
1AV8PW,Luxurious Exquisite Object,Others,2,141.98,10,-34.53,"25""W x 50""D x 80""H",3,0.28
ZFPP56,Advanced Tablet,Technology,5,73.75,1,42.44,"38""W x 43""D x 30""H",10,0.18
W7QETK,Whimsical Toy Set,Kids Accessories,3,158.64,5,10.2,"12""W x 33""D x 58""H",7,0.44
MDJ4AL,Premium Artisanal Craft,Others,7,967.46,4,94.75,"43""W x 47""D x 35""H",6,0.27
FPTGHO,Fun Plush Toy,Kids Accessories,9,210.02,9,93.12,"10""W x 48""D x 26""H",12,0.25
03FHPR,Advanced Headphones,Technology,6,467.23,4,-30.49,"46""W x 28""D x 27""H",17,0.3
Z5KYRP,Elegant Stationary Organizer,Stationary Items,10,277.92,6,-39.06,"41""W x 40""D x 23""H",13,0.43
MFN24L,Modern Microwave,Appliances,11,159.63,7,-67.04,"37""W x 13""D x 21""H",11,0.03
4YQ1PA,Trendy Dress,Clothing,7,194.77,3,52.11,"33""W x 17""D x 48""H",17,0.45
DAJA36,Special Artisanal Craft,Others,1,668.53,9,-35.36,"26""W x 13""D x 20""H",1,0.29
4XBER0,Sleek Desk Organizer,Office Supplies,4,153.06,5,-73.97,"12""W x 29""D x 76""H",6,0.11
O5JSJV,Luxurious Collectors Item,Others,2,976.42,10,26.76,"13""W x 50""D x 38""H",10,0.36
1C3DMH,Modern Microwave,Appliances,10,310.57,10,37.3,"29""W x 16""D x 55""H",2,0.06
ZVW71U,Energy-saving Coffee Maker,Appliances,6,793.47,6,-70.83,"40""W x 32""D x 57""H",1,0.06
NU07U2,Versatile Dishwasher,Appliances,1,526.62,5,-80.8,"20""W x 39""D x 62""H",17,0.41
5GPTX5,Fashionable T-Shirt,Clothing,11,233.89,4,-15.43,"34""W x 35""D x 32""H",17,0.04
YBW0U1,Whimsical Costume,Kids Accessories,6,967.91,10,-64.13,"10""W x 41""D x 49""H",16,0.19
A2VWRS,Luxury Lamp,Furniture,5,411.37,10,54.44,"23""W x 17""D x 61""H",19,0.19
0GC7LA,Premium Lamp,Furniture,5,954.38,9,29.35,"49""W x 36""D x 29""H",18,0.13
EDI8VV,Portable Keyboard,Technology,4,746.36,6,-96.64,"26""W x 31""D x 65""H",9,0.4
EVTD06,Unique Exquisite Object,Others,11,459.65,9,36.39,"40""W x 45""D x 80""H",15,0.24
D6362F,Artisan Fruit Basket,Grocery,5,516.95,10,71.43,"41""W x 21""D x 30""H",6,0.05
QS1EX0,Smart Printer,Technology,6,208.78,1,83.35,"20""W x 48""D x 47""H",3,0.26
QNPO4Z,Fun Art Kit,Kids Accessories,5,796.93,6,18.37,"24""W x 17""D x 69""H",2,0.26
PS0IVV,Practical Desk Organizer,Office Supplies,2,834.1,3,29.15,"22""W x 16""D x 34""H",9,0.49
2F7QDV,Artisan Dessert Box,Grocery,1,297.43,5,74.84,"16""W x 21""D x 72""H",7,0.45
0O97Z6,Gourmet Dessert Box,Grocery,6,786.31,5,54.27,"25""W x 10""D x 28""H",14,0.36
C3AHH6,Refined Stationary Organizer,Stationary Items,4,878.32,9,18.49,"35""W x 31""D x 54""H",16,0.11
EKUUPW,Wireless Printer,Technology,3,320.01,4,-5.58,"19""W x 47""D x 75""H",12,0.28
XNBNQD,Colorful Toy Set,Kids Accessories,9,871.23,1,32.05,"39""W x 37""D x 38""H",20,0.45
YJXPL8,Luxurious Artisanal Craft,Others,2,47.45,3,-75.59,"19""W x 14""D x 80""H",9,0.04
05SBMO,Fun Plush Toy,Kids Accessories,7,172.54,3,59.63,"15""W x 27""D x 46""H",3,0.44
IUR0IK,Wireless Tablet,Technology,1,349.59,8,-41.73,"28""W x 47""D x 31""H",1,0.41
00PWBH,Practical Notebook,Office Supplies,3,885.31,4,46.86,"39""W x 38""D x 31""H",2,0.49
QV6YHC,Whimsical Plush Toy,Kids Accessories,2,527.58,6,22.36,"50""W x 13""D x 33""H",13,0.11
TMLFS3,Whimsical Costume,Kids Accessories,2,471.06,1,55.49,"50""W x 38""D x 64""H",3,0.36
FWZGC0,Natural Fruit Basket,Grocery,8,736.55,7,93.95,"22""W x 32""D x 39""H",5,0.04
ZCF4J3,Refined Sticky Notes,Stationary Items,8,53.24,1,55.48,"48""W x 16""D x 24""H",8,0.22
8BKZBL,Advanced Smartphone,Technology,11,872.83,1,-86.7,"40""W x 32""D x 28""H",15,0.17
9LKVIB,Luxury Bookcase,Furniture,6,115.95,6,-10.13,"22""W x 41""D x 63""H",3,0.45
E4MDGF,Whimsical Costume,Kids Accessories,11,243.4,5,34.15,"31""W x 40""D x 22""H",5,0.15
EL97FM,Reliable Vacuum Cleaner,Appliances,4,339.88,6,-91.18,"22""W x 26""D x 33""H",7,0.26
J6YQ3G,Practical Binder,Office Supplies,3,912.71,1,-19.75,"18""W x 15""D x 29""H",17,0.48
MNSLIR,Classic Rug,Furniture,6,700.86,1,-44.21,"34""W x 32""D x 51""H",19,0.48
VEVZ6W,Elegant Jeans,Clothing,9,935.27,2,92.06,"47""W x 23""D x 39""H",18,0.45
8ZOJCZ,Premium Handcrafted Artifact,Others,3,747.95,6,35.98,"42""W x 30""D x 76""H",20,0.4
9OA4TN,Reliable Microwave,Appliances,10,505.18,7,16.86,"25""W x 34""D x 32""H",14,0.2
42GYH3,Stylish Dress,Clothing,4,948.76,9,63.37,"14""W x 23""D x 72""H",17,0.02
JR8SV7,Comfortable Jeans,Clothing,10,65.87,6,-40.02,"14""W x 37""D x 47""H",8,0.48
806A8U,Trendy T-Shirt,Clothing,6,336.57,7,51.82,"35""W x 45""D x 77""H",5,0.28
E132OH,Casual Dress,Clothing,6,994.54,8,11.67,"45""W x 46""D x 78""H",13,0.39
7LZ6AP,Elegant Lamp,Furniture,10,766.48,10,-80.48,"32""W x 12""D x 52""H",11,0.18
SZDZ45,Portable Keyboard,Technology,4,779.88,6,-69.98,"46""W x 20""D x 27""H",2,0.04
4FO5V1,Elegant Table,Furniture,4,12.38,5,18.81,"45""W x 19""D x 57""H",12,0.04
TSD2PI,Playful Plush Toy,Kids Accessories,3,901.07,10,95.03,"31""W x 43""D x 40""H",11,0.25
YMOVSE,Compact Blender,Appliances,1,525.13,5,15.5,"40""W x 34""D x 66""H",11,0.26
CKCGMR,Practical Notebook,Office Supplies,7,672.64,9,-72.74,"13""W x 38""D x 30""H",17,0.34
YKPTJ7,Ergonomic Notebook,Office Supplies,1,855.03,10,-64.26,"31""W x 12""D x 57""H",7,0.43
MUTQO3,Sleek Pen Set,Office Supplies,10,414.08,2,-49.37,"38""W x 36""D x 59""H",14,0.31
IXIKMS,Advanced Mouse,Technology,2,626.7,3,-93.31,"26""W x 42""D x 33""H",11,0.25
KVMK6T,Functional File Cabinet,Office Supplies,10,343.93,3,-28.59,"26""W x 39""D x 60""H",13,0.28
2XI2UN,Natural Dessert Box,Grocery,6,985.22,5,-53.54,"50""W x 29""D x 61""H",19,0.48
A7F9J2,Interactive Costume,Kids Accessories,10,803.05,4,63.44,"12""W x 16""D x 31""H",17,0.35
EOTSR5,Stylish Shoes,Clothing,8,752.67,10,32.81,"50""W x 34""D x 33""H",16,0.06
1KSAOX,Classic Journal,Stationary Items,8,577.67,3,44.83,"32""W x 16""D x 32""H",1,0.44
JUVJE5,Unique Artisanal Craft,Others,10,552.81,6,58.64,"11""W x 25""D x 43""H",19,0.18
LPN8RJ,Functional Desk Organizer,Office Supplies,8,197.7,2,-11.51,"41""W x 43""D x 66""H",17,0.23
LG7RPM,Advanced Printer,Technology,4,292.89,8,-1.17,"41""W x 38""D x 42""H",8,0.24
YA813R,Playful Toy Set,Kids Accessories,5,828.81,2,48.81,"36""W x 43""D x 30""H",10,0.19
BW4UC3,Innovative Headphones,Technology,11,975.15,2,-89.69,"31""W x 41""D x 79""H",19,0.49
7XL4SG,Ergonomic File Cabinet,Office Supplies,2,948.01,4,54.59,"10""W x 18""D x 20""H",12,0.14
BNVV9T,Premium Decorative Piece,Others,2,615.45,6,39.61,"49""W x 49""D x 24""H",17,0.42
PLB71H,Functional Binder,Office Supplies,5,493.22,7,66.94,"17""W x 27""D x 33""H",6,0.18
SMD7R0,Exclusive Masterpiece,Others,12,690.68,9,-37.21,"10""W x 43""D x 66""H",12,0.24
M1G2KL,Elegant Sweater,Clothing,1,362.49,9,19.97,"47""W x 37""D x 48""H",4,0.45
QGZI00,Comfortable Shoes,Clothing,4,267.46,5,19.51,"19""W x 31""D x 59""H",4,0.21
FAM2MU,Energy-saving Dishwasher,Appliances,4,910.59,6,-3.54,"19""W x 46""D x 70""H",3,0.03
MHS4CX,Special Treasure,Others,6,314.51,8,48.87,"41""W x 19""D x 76""H",11,0.08
FJR4NN,Stylish Microwave,Appliances,8,377.28,5,-28.53,"40""W x 35""D x 22""H",2,0.48
HA6C89,Smart Mouse,Technology,11,302.72,4,-39.09,"46""W x 21""D x 62""H",16,0.46
UAZWKJ,Professional Desk Organizer,Office Supplies,3,112.4,7,94.11,"24""W x 36""D x 61""H",20,0.48
8CKALI,Elegant Dress,Clothing,6,655.52,7,29.16,"24""W x 17""D x 24""H",17,0.41
JTQRAG,Artisan Vegetable Assortment,Grocery,5,759.19,1,35.59,"50""W x 49""D x 61""H",5,0.2
4OTXYY,Playful Puzzle,Kids Accessories,1,93.25,9,-18.24,"39""W x 20""D x 26""H",2,0.13
VEDU4Y,Compact Laptop,Technology,5,291.22,6,86.93,"41""W x 29""D x 60""H",10,0.18
FZKP1C,Healthy Vegetable Assortment,Grocery,7,226.58,5,70.77,"30""W x 39""D x 59""H",11,0.49
T6CQEC,Smart Tablet,Technology,6,799.25,10,60.41,"36""W x 18""D x 27""H",14,0.11
EWF32P,Sleek File Cabinet,Office Supplies,6,938.7,6,89.59,"12""W x 44""D x 52""H",2,0.49
ZOEJDW,Luxurious Decorative Piece,Others,11,744.26,2,47.88,"20""W x 24""D x 30""H",13,0.22
4XEZOT,Stylish Sweater,Clothing,4,286.77,1,96.72,"35""W x 20""D x 23""H",10,0.2
GCZ5T4,Durable Notebook,Office Supplies,11,122.82,9,-77.29,"33""W x 25""D x 68""H",4,0.17
4DOPYP,Refined Sticky Notes,Stationary Items,3,547.11,7,-19.78,"23""W x 38""D x 61""H",5,0.42
JHV50P,High-quality Sofa,Furniture,5,812.16,1,67.77,"28""W x 35""D x 71""H",14,0.19
5PPNSS,Interactive Outdoor Playset,Kids Accessories,6,80.42,1,60.9,"19""W x 47""D x 20""H",15,0.25
FF0FUV,Exclusive Masterpiece,Others,4,115.69,5,57.46,"47""W x 48""D x 57""H",10,0.07
JJYEF4,Fresh Spice Set,Grocery,2,239.4,6,-84.28,"29""W x 43""D x 80""H",4,0.33
QKQMSD,Fashionable Shoes,Clothing,9,892.46,2,-66.47,"47""W x 24""D x 23""H",20,0.08
9QUH46,Premium Table,Furniture,1,126.67,1,46.8,"31""W x 23""D x 61""H",17,0.35
QJ8YJ9,Stylish T-Shirt,Clothing,7,323.17,7,-90.46,"50""W x 27""D x 67""H",18,0.15
I3OZCO,Rare Artisanal Craft,Others,7,583.34,8,56.94,"34""W x 27""D x 30""H",2,0.08
BBXR35,Modern Dishwasher,Appliances,1,87.47,3,-94.02,"31""W x 44""D x 64""H",5,0.36
SIZZXC,Limited Edition Handcrafted Artifact,Others,1,978.79,9,16.82,"12""W x 45""D x 23""H",11,0.43
UT19SC,Comfortable Skirt,Clothing,4,579.12,6,16.25,"22""W x 23""D x 42""H",3,0.32
59XQ5D,High-quality Desk,Furniture,5,369.84,1,-38.58,"20""W x 22""D x 71""H",14,0.4
ET8QHG,Rare Exquisite Object,Others,5,412.59,2,53,"33""W x 12""D x 41""H",18,0.08
S811QJ,Healthy Bread Sampler,Grocery,1,362.35,2,15.01,"49""W x 50""D x 56""H",17,0.3
UNCD1F,Luxury Bookcase,Furniture,1,335.36,2,30.08,"20""W x 48""D x 29""H",20,0.22
OTGQ52,Advanced Mouse,Technology,4,72.05,4,20.92,"37""W x 26""D x 80""H",9,0.01
XIX0JY,Energy-saving Refrigerator,Appliances,6,588.53,3,49.01,"22""W x 42""D x 42""H",15,0.23
SEGZKN,Casual Jeans,Clothing,3,903.47,4,-35.55,"44""W x 10""D x 47""H",17,0.47
2A6Q2E,Colorful Toy Set,Kids Accessories,11,339.67,9,-54.01,"16""W x 19""D x 63""H",3,0.43
A7DUGK,Educational Costume,Kids Accessories,1,581.43,2,-93.83,"36""W x 45""D x 43""H",3,0.14
IGYFBZ,Chic Skirt,Clothing,5,702.37,2,-6.41,"37""W x 26""D x 68""H",6,0.28
VEF0OG,Functional Desk Organizer,Office Supplies,10,101.91,6,0.04,"35""W x 47""D x 55""H",10,0.18
2J00GN,Artisan Snack Pack,Grocery,8,595.73,4,-72.1,"12""W x 18""D x 71""H",8,0.12
FVNYU6,Local Cheese Selection,Grocery,10,734.11,4,49.61,"33""W x 19""D x 39""H",20,0.47
LQW5AV,Professional Sticky Notes,Stationary Items,2,615.77,4,-45.5,"18""W x 18""D x 58""H",6,0.38
7QK3XG,Interactive Building Blocks,Kids Accessories,4,448.85,3,-95.61,"34""W x 27""D x 71""H",12,0.24
1MQVBU,Sophisticated Journal,Stationary Items,12,847.06,6,82.73,"47""W x 46""D x 21""H",1,0.15
FYPWCL,Rare Exquisite Object,Others,6,366.89,2,-76.66,"47""W x 20""D x 73""H",1,0
9SPPWI,Luxurious Collectors Item,Others,5,359.73,9,-41.25,"24""W x 35""D x 67""H",11,0.33
MQEMTY,High-tech Keyboard,Technology,2,39.3,3,-3.94,"19""W x 31""D x 50""H",1,0.01
PEGO1F,Compact Keyboard,Technology,1,501.52,1,89.51,"29""W x 34""D x 20""H",13,0.16
4AV7YJ,Professional Pen Collection,Stationary Items,10,206.72,10,88.27,"47""W x 28""D x 25""H",12,0.05
ACKZWM,Interactive Art Kit,Kids Accessories,11,85.13,5,-53.26,"24""W x 27""D x 73""H",3,0.01
TDNYBP,Unique Collectors Item,Others,12,866.6,4,67.23,"13""W x 24""D x 54""H",20,0.38
QSNH8M,Practical Stapler,Office Supplies,3,825.78,1,-95.44,"41""W x 25""D x 24""H",11,0.44
41YTBG,Elegant Lamp,Furniture,3,675.33,1,48.17,"38""W x 35""D x 53""H",2,0.11
ZSITIF,Functional Stapler,Office Supplies,2,28.7,2,-75.98,"17""W x 11""D x 25""H",11,0.44
95EUT7,Educational Art Kit,Kids Accessories,8,817.09,1,-6.73,"27""W x 31""D x 35""H",19,0.42
S3PMTH,High-quality Table,Furniture,8,352.28,10,-94.09,"23""W x 35""D x 61""H",12,0.04
HQI8QT,Premium Lamp,Furniture,1,100.45,3,90.44,"48""W x 16""D x 60""H",14,0.36
87WCTO,Smart Printer,Technology,8,979.38,9,59.74,"46""W x 49""D x 50""H",8,0.43
T92Q2K,Artisan Dessert Box,Grocery,8,36.61,5,70.96,"46""W x 29""D x 73""H",7,0.28
0T3VCX,Portable Keyboard,Technology,1,880.83,2,81.13,"50""W x 25""D x 45""H",19,0.25
M1G5T5,Wireless Laptop,Technology,8,229.97,1,2.3,"25""W x 27""D x 52""H",6,0.16
R3OC2O,Practical Portfolio,Stationary Items,4,552.69,8,91.34,"34""W x 41""D x 21""H",19,0.4
1OG2CU,High-tech Keyboard,Technology,11,569.98,9,60.89,"49""W x 40""D x 42""H",5,0.01
QNL8VD,Elegant Jeans,Clothing,1,35.29,2,14.11,"38""W x 30""D x 40""H",14,0.21
U7LRLU,Luxurious Treasure,Others,10,126.64,9,-53.05,"14""W x 39""D x 32""H",16,0.08
DTZIT3,Elegant Jacket,Clothing,5,839.44,9,-29.73,"30""W x 28""D x 38""H",17,0.43
O2F1NM,Luxurious Collectors Item,Others,9,27.88,1,-41.26,"31""W x 35""D x 37""H",9,0.1
SG8T0C,Portable Printer,Technology,3,368.82,6,-40.41,"23""W x 10""D x 43""H",9,0.47
5231AD,Cute Art Kit,Kids Accessories,8,503.68,8,35.36,"20""W x 14""D x 22""H",3,0.35
B5NY3P,Sophisticated Sticky Notes,Stationary Items,2,50.03,10,23.83,"25""W x 45""D x 42""H",15,0.21
4FT7IM,Comfortable Skirt,Clothing,3,590.6,10,-18.62,"23""W x 47""D x 44""H",2,0.49
25G9TK,Modern Lamp,Furniture,7,520.28,5,-42.43,"20""W x 11""D x 44""H",7,0.21
6JQV7K,Colorful Building Blocks,Kids Accessories,1,610.63,6,43.33,"24""W x 40""D x 65""H",2,0.02
T4H2J1,Casual Skirt,Clothing,5,934.93,9,-94.49,"25""W x 28""D x 62""H",20,0.21
B506LV,Casual Skirt,Clothing,7,160.24,6,15.14,"42""W x 34""D x 71""H",14,0.16
539NHO,Elegant Desk Calendar,Stationary Items,10,599.28,4,-79.55,"24""W x 16""D x 29""H",3,0.16
C60EKB,Chic Jeans,Clothing,5,473.63,6,-6.2,"46""W x 39""D x 21""H",1,0.39
S5U7H5,Chic Dress,Clothing,2,606.8,6,78.59,"47""W x 29""D x 53""H",5,0.14
3TN8EP,Gourmet Spice Set,Grocery,4,320.76,9,-44.71,"48""W x 12""D x 62""H",15,0.2
CK8KCE,Premium Table,Furniture,4,239.7,5,-36.27,"45""W x 27""D x 72""H",10,0.12
AD6AI1,Innovative Mouse,Technology,4,207.27,8,-16.31,"13""W x 18""D x 56""H",2,0.22
QT7JXF,Functional File Cabinet,Office Supplies,3,632.82,6,-91.65,"48""W x 20""D x 21""H",4,0.35
5ISVMO,Sleek Calculator,Office Supplies,10,344.52,8,79.71,"15""W x 46""D x 40""H",6,0.41
M58TFO,Functional File Cabinet,Office Supplies,6,304.61,2,-93.41,"48""W x 21""D x 63""H",15,0.02
LRYGCR,Luxury Desk,Furniture,5,388.04,4,-49.89,"16""W x 16""D x 22""H",14,0.09
0R4G70,Functional File Cabinet,Office Supplies,7,223.46,8,-26.47,"14""W x 32""D x 56""H",13,0.09
2222BW,Stylish Microwave,Appliances,1,565.95,2,-88.89,"24""W x 42""D x 54""H",15,0.01
PZJ9C8,Functional Pen Set,Office Supplies,9,178.25,4,88.53,"12""W x 37""D x 52""H",2,0.16
ANLKMK,Wireless Printer,Technology,3,638.31,9,-95.47,"34""W x 37""D x 29""H",1,0.26
1M8129,Efficient Toaster,Appliances,7,614.15,7,14.27,"41""W x 44""D x 26""H",7,0.35
TGPZ3D,Elegant Sticky Notes,Stationary Items,10,303.52,6,9.75,"31""W x 45""D x 70""H",2,0.11
DEJODZ,Educational Costume,Kids Accessories,9,955.19,6,-58.75,"49""W x 42""D x 30""H",14,0.15
D7H120,High-tech Laptop,Technology,4,988.25,7,55.92,"26""W x 33""D x 21""H",6,0.48
LRWLVQ,Classic Lamp,Furniture,11,970.52,1,-37.45,"28""W x 45""D x 44""H",18,0.27
S7BNQL,Elegant Shoes,Clothing,7,568.24,3,-61.27,"26""W x 42""D x 69""H",3,0.4
I8O1JF,Stylish Refrigerator,Appliances,1,235.23,1,-7.5,"25""W x 15""D x 24""H",10,0.17
ZJ652N,Classic Stationary Organizer,Stationary Items,4,546.21,2,-98.08,"33""W x 23""D x 37""H",6,0.03
PGTWOQ,Professional Pen Collection,Stationary Items,12,566.17,5,-9.52,"14""W x 38""D x 46""H",11,0.04
PTXZB0,Advanced Laptop,Technology,10,445.55,5,15.67,"50""W x 33""D x 55""H",20,0.05
T6FZJ3,Gourmet Dessert Box,Grocery,7,328.34,5,-70.8,"34""W x 44""D x 49""H",17,0.3
5SUIIA,Modern Chair,Furniture,3,840.33,5,82.8,"22""W x 30""D x 70""H",13,0.06
FF4NPW,Stylish Jeans,Clothing,11,250.34,3,-78.41,"37""W x 30""D x 54""H",13,0.49
1IKNLF,Functional Binder,Office Supplies,9,131.64,4,52.8,"30""W x 29""D x 68""H",5,0.28
5BN6VJ,Classic Notebook Set,Stationary Items,7,645.81,1,77.5,"33""W x 24""D x 70""H",5,0.22
QF8RH4,Portable Laptop,Technology,5,617.67,4,32.92,"38""W x 28""D x 37""H",16,0.19
HHREPD,Stylish File Cabinet,Office Supplies,8,410.78,4,49.61,"18""W x 32""D x 43""H",13,0.3
Q8Y6K7,Compact Keyboard,Technology,3,445.91,3,87.58,"17""W x 47""D x 73""H",10,0.36
HWATVM,Energy-saving Toaster,Appliances,10,897.78,4,-17.73,"44""W x 48""D x 50""H",3,0.01
GUJ6FM,Refined Journal,Stationary Items,2,678.49,1,84.49,"30""W x 20""D x 36""H",13,0.43
PJA5YO,Organic Fruit Basket,Grocery,10,596.28,2,-33.65,"31""W x 47""D x 61""H",8,0.01
WGVG2M,Whimsical Toy Set,Kids Accessories,10,882.34,9,80.52,"19""W x 31""D x 55""H",14,0.26
7Z848Y,Trendy Jacket,Clothing,2,190.9,4,78.95,"36""W x 36""D x 76""H",19,0.05
OMOZA3,Classic Desk,Furniture,1,521.87,1,12.7,"31""W x 47""D x 51""H",4,0.23
QH36ZJ,Refined Notebook Set,Stationary Items,1,580.1,9,-68.34,"47""W x 27""D x 35""H",11,0.3
2FBKN9,Healthy Dessert Box,Grocery,8,497.79,8,-16.91,"25""W x 18""D x 56""H",17,0.27
V77EVC,Stylish Desk Organizer,Office Supplies,3,432.9,9,-7.64,"10""W x 41""D x 35""H",14,0.47
PYKR14,Functional Notebook,Office Supplies,7,304.47,1,-99.95,"43""W x 38""D x 76""H",16,0.26
B5XFPL,Portable Keyboard,Technology,11,550.58,4,92.2,"45""W x 13""D x 58""H",20,0.16
8KHHD5,Durable Pen Set,Office Supplies,10,216.12,10,-45.21,"10""W x 28""D x 63""H",6,0.03
M13F1W,Local Snack Pack,Grocery,10,66.71,3,-88.39,"42""W x 28""D x 78""H",19,0.28
89OTH9,Interactive Plush Toy,Kids Accessories,1,800.78,2,87.91,"13""W x 34""D x 73""H",4,0.4
K7VEN5,Elegant Table,Furniture,4,540.55,6,12.17,"46""W x 34""D x 47""H",16,0.49
RF4I76,Functional Calculator,Office Supplies,8,294.68,6,17.87,"34""W x 47""D x 35""H",11,0.19
11WT1O,Whimsical Outdoor Playset,Kids Accessories,8,108.4,1,-73.58,"44""W x 39""D x 32""H",19,0.24
ICPLQ3,Professional Portfolio,Stationary Items,4,82.33,7,-80.02,"30""W x 36""D x 79""H",14,0.33
RQ1DTT,Artisan Snack Pack,Grocery,7,940.63,6,-27.23,"46""W x 29""D x 79""H",16,0.04
EQGK2I,High-quality Lamp,Furniture,2,182.98,2,-26.92,"33""W x 11""D x 57""H",20,0.06
J9J3CE,Versatile Dishwasher,Appliances,5,830.4,3,-1.98,"33""W x 20""D x 47""H",1,0.17
X38V5S,Professional Pen Set,Office Supplies,11,138.69,3,43.4,"20""W x 37""D x 60""H",2,0.25
1DNY9E,Special Masterpiece,Others,3,401.04,10,-70.84,"46""W x 31""D x 37""H",11,0.48
RAER9N,Professional Portfolio,Stationary Items,3,252.31,3,90.34,"24""W x 45""D x 20""H",8,0.14
8YYQ6S,Unique Decorative Piece,Others,5,553.55,1,-62.27,"16""W x 36""D x 42""H",12,0.26
C58REC,Rare Artisanal Craft,Others,4,38.7,4,61.05,"45""W x 36""D x 30""H",16,0.2
ZBVPLX,Premium Rug,Furniture,10,468.68,8,-81.16,"46""W x 18""D x 65""H",2,0.39
LF04J3,Educational Art Kit,Kids Accessories,2,71.21,10,-32.84,"41""W x 43""D x 36""H",17,0.25
3ZP416,Local Vegetable Assortment,Grocery,1,383.26,7,37.1,"21""W x 33""D x 77""H",15,0.04
CR0H9G,Cute Plush Toy,Kids Accessories,9,111.78,7,-1.19,"47""W x 16""D x 33""H",10,0.46
O0QODT,Wireless Tablet,Technology,5,658.63,8,-1.66,"36""W x 18""D x 40""H",20,0.09
TMNP1R,Stylish Notebook,Office Supplies,3,489.27,8,6.58,"30""W x 14""D x 32""H",9,0.29
JHURL4,Whimsical Costume,Kids Accessories,12,569.08,5,3.69,"14""W x 10""D x 53""H",20,0.28
39BLQR,Whimsical Puzzle,Kids Accessories,2,925.49,2,-10.43,"49""W x 13""D x 75""H",12,0.16
ZE8JA4,Sophisticated Stationary Organizer,Stationary Items,9,263.24,2,-52.64,"19""W x 43""D x 69""H",19,0.29
VQCDPJ,Classic Bookcase,Furniture,3,917.25,1,25.15,"33""W x 26""D x 42""H",5,0.1
GD1ZIS,Chic T-Shirt,Clothing,7,278.76,6,-85.41,"28""W x 27""D x 65""H",6,0.23
PPTN3W,Portable Mouse,Technology,12,859.97,5,26.71,"35""W x 48""D x 42""H",20,0.04
4MOYQI,Functional Desk Organizer,Office Supplies,3,462.07,8,-75.06,"31""W x 39""D x 44""H",3,0.34
X3EQXS,Sophisticated Pen Collection,Stationary Items,5,529.73,4,87.24,"46""W x 43""D x 36""H",14,0.26
A9HJ4N,Playful Building Blocks,Kids Accessories,12,616.42,8,-32.14,"16""W x 12""D x 60""H",1,0.04
L1868N,Classic Rug,Furniture,4,368.5,2,-25.7,"34""W x 26""D x 50""H",12,0.18
KP01Q8,Deluxe Desk,Furniture,5,459.5,9,25.55,"48""W x 18""D x 28""H",2,0.49
XVWHQ5,Professional Sticky Notes,Stationary Items,5,649.5,4,-84.92,"27""W x 40""D x 67""H",10,0.5
WUVD5A,Casual Shoes,Clothing,2,44.93,10,37.26,"37""W x 13""D x 66""H",2,0.5
9GNIH3,Cute Costume,Kids Accessories,2,99.21,3,-67.66,"49""W x 26""D x 63""H",18,0.3
CFXWU8,Modern Rug,Furniture,10,833.31,7,-54.19,"37""W x 28""D x 24""H",10,0.27
0EE3EN,Fashionable Jeans,Clothing,10,677.79,1,15.58,"38""W x 26""D x 51""H",3,0.21
5ZJALS,Elegant Journal,Stationary Items,4,683.58,5,-73.87,"36""W x 50""D x 57""H",17,0.48
DXE2YF,Portable Printer,Technology,11,471.31,4,82.02,"20""W x 49""D x 49""H",6,0.39
S8FWJH,Fashionable Sweater,Clothing,5,277.74,10,-16.03,"13""W x 22""D x 42""H",11,0.26
V216PH,Wireless Mouse,Technology,3,230.52,2,27.96,"23""W x 28""D x 53""H",1,0.08
CPX66N,Professional Desk Calendar,Stationary Items,7,271.25,7,37.51,"27""W x 25""D x 63""H",19,0.18
EMPX7N,Cute Art Kit,Kids Accessories,4,254.62,7,95.62,"42""W x 25""D x 26""H",2,0.06
3ZY8AW,Unique Handcrafted Artifact,Others,10,766.73,8,-28.36,"10""W x 37""D x 66""H",19,0
O3YGAO,Interactive Art Kit,Kids Accessories,6,979.13,7,-84.86,"46""W x 20""D x 55""H",12,0.46
KRCYOB,Colorful Art Kit,Kids Accessories,6,235.58,2,64.63,"11""W x 48""D x 56""H",20,0.27
Q8QB0V,Chic Dress,Clothing,6,382.87,7,-60.28,"21""W x 26""D x 26""H",19,0.22
75U2ZE,Luxury Lamp,Furniture,10,459.09,1,97.17,"40""W x 42""D x 41""H",9,0.29
JIJWUZ,Casual Dress,Clothing,6,468.45,2,6.93,"43""W x 40""D x 56""H",2,0.41
ESSQJB,Interactive Puzzle,Kids Accessories,9,298.7,5,-75.7,"22""W x 34""D x 67""H",16,0.01
UWZWRH,Special Exquisite Object,Others,4,798.38,1,51.11,"26""W x 26""D x 68""H",7,0.41
R6TTF4,Elegant Dress,Clothing,1,466.47,1,67.39,"13""W x 39""D x 65""H",5,0.24
B4RZRV,Healthy Dessert Box,Grocery,2,400.83,9,-2.24,"17""W x 13""D x 71""H",19,0.03
LWGQ4G,Versatile Coffee Maker,Appliances,11,526.41,5,-75.95,"40""W x 45""D x 61""H",15,0.29
3JU917,Stylish Dress,Clothing,10,888.22,1,65.09,"13""W x 15""D x 25""H",8,0.01
DV6915,Functional Desk Organizer,Office Supplies,10,97.13,8,-88.65,"10""W x 26""D x 70""H",13,0.05
BP29KM,Functional Stapler,Office Supplies,1,283.48,10,-2.85,"20""W x 37""D x 27""H",6,0.19
4IHWXT,Stylish Desk Organizer,Office Supplies,10,15.47,1,-60.42,"18""W x 14""D x 39""H",16,0.19
DYB9A1,High-tech Smartphone,Technology,5,626.29,5,-36.45,"28""W x 28""D x 30""H",1,0.13
EP0D5O,Gourmet Bread Sampler,Grocery,10,441.04,6,20.33,"16""W x 24""D x 39""H",14,0.09
9ZG30W,Modern Chair,Furniture,7,828.78,1,81.99,"44""W x 35""D x 59""H",6,0.17
ANMPV9,Modern Sofa,Furniture,9,417.24,8,2.63,"32""W x 24""D x 70""H",2,0.09
Q8ZZUQ,Special Exquisite Object,Others,2,960.44,8,-87.91,"49""W x 28""D x 54""H",14,0.2
I6BB1V,High-quality Chair,Furniture,10,276.98,10,-76.21,"42""W x 19""D x 51""H",3,0.46
0QFO3U,Reliable Toaster,Appliances,7,600.23,2,61.25,"48""W x 10""D x 30""H",17,0.46
42APCC,Premium Table,Furniture,3,455.03,4,-58.92,"40""W x 22""D x 55""H",9,0.49
RI38IU,Fresh Fruit Basket,Grocery,5,619.95,10,-57.11,"18""W x 24""D x 55""H",17,0.05
EBB2QC,Practical Stapler,Office Supplies,6,286.73,3,41.48,"46""W x 27""D x 24""H",14,0.04
URWXI4,Colorful Outdoor Playset,Kids Accessories,3,157.85,8,22.84,"49""W x 48""D x 46""H",7,0.05
1GKB6Q,Colorful Puzzle,Kids Accessories,4,812.42,10,98.76,"38""W x 41""D x 52""H",4,0.05
UV7FSF,Gourmet Snack Pack,Grocery,5,60.56,10,-22.09,"20""W x 29""D x 79""H",12,0.25
RTLHI5,Refined Sticky Notes,Stationary Items,8,731.09,6,43.19,"12""W x 17""D x 61""H",20,0.05
2IJ1GG,Stylish Stapler,Office Supplies,11,168.01,2,3.29,"11""W x 11""D x 56""H",3,0.39
JJZYFK,Practical Binder,Office Supplies,6,858.1,3,-31.83,"40""W x 21""D x 50""H",12,0.18
PLZ95Z,Portable Laptop,Technology,7,91.67,2,-10.51,"32""W x 33""D x 46""H",18,0.33
XAJNK7,Local Bread Sampler,Grocery,9,916.06,3,42.29,"41""W x 35""D x 49""H",20,0.47
ZRBMAT,Elegant Desk Calendar,Stationary Items,7,287.83,8,59.96,"34""W x 16""D x 66""H",19,0.47
7ZOPMW,Exclusive Collectors Item,Others,1,49.38,4,-16.66,"49""W x 39""D x 70""H",10,0.21
9QSH7X,Functional Desk Calendar,Stationary Items,8,584.85,2,-97.01,"37""W x 14""D x 77""H",18,0.3
7ZAAUG,Ergonomic Pen Set,Office Supplies,5,861.13,9,53.43,"35""W x 30""D x 64""H",18,0.09
XTXYUA,Versatile Dishwasher,Appliances,11,900.95,8,29.5,"43""W x 24""D x 55""H",14,0.24
99N5QU,Gourmet Cheese Selection,Grocery,1,152.85,8,-11.96,"31""W x 37""D x 27""H",16,0.37
P49HHO,Unique Collectors Item,Others,4,571.77,9,-55.5,"48""W x 44""D x 59""H",11,0.4
609QPK,Classic Chair,Furniture,4,759.12,7,-83.28,"32""W x 31""D x 31""H",18,0.05
0EL4N6,Functional File Cabinet,Office Supplies,3,444.11,8,43.9,"25""W x 46""D x 65""H",16,0.39
AVQQG4,Unique Collectors Item,Others,7,933.11,4,-49.81,"12""W x 43""D x 50""H",8,0.34
XB8KWK,Luxurious Handcrafted Artifact,Others,12,152.1,2,-56.33,"46""W x 47""D x 32""H",16,0.22
REZQDT,Wireless Smartphone,Technology,2,62.11,9,-4.14,"10""W x 47""D x 60""H",6,0.27
MIBVME,Efficient Microwave,Appliances,11,478.02,1,-60.94,"22""W x 20""D x 72""H",3,0.33
XXU4K1,Whimsical Outdoor Playset,Kids Accessories,1,37.37,9,28.22,"30""W x 49""D x 76""H",15,0.48
1R5H3J,Healthy Vegetable Assortment,Grocery,3,661.06,3,79.75,"10""W x 10""D x 79""H",20,0.45
C4347R,Compact Laptop,Technology,6,528.62,1,91.75,"49""W x 44""D x 35""H",18,0.36
DU17WK,Special Artisanal Craft,Others,9,922.97,2,0.91,"47""W x 39""D x 47""H",10,0.05
EJDY66,Artisan Bread Sampler,Grocery,8,643.41,5,54.2,"27""W x 48""D x 73""H",6,0.32
WUEWP9,Functional Calculator,Office Supplies,5,216.38,3,51.5,"40""W x 39""D x 37""H",14,0.03
OHRJZG,Reliable Vacuum Cleaner,Appliances,9,992.05,2,32.51,"39""W x 11""D x 34""H",17,0.17
M4Y4O9,Limited Edition Collectors Item,Others,6,468.45,3,62.35,"41""W x 45""D x 62""H",18,0.3
V4LFZA,Unique Exquisite Object,Others,12,57.51,4,98.74,"50""W x 12""D x 75""H",15,0.38
GPI9G2,Whimsical Art Kit,Kids Accessories,10,774.53,4,57.71,"11""W x 33""D x 32""H",4,0.25
JYVEUJ,Luxury Chair,Furniture,4,537.23,8,71.14,"39""W x 26""D x 40""H",6,0.02
9CKYSG,Casual Dress,Clothing,5,487.74,8,-63.06,"50""W x 22""D x 71""H",16,0.49
RD1KAX,Whimsical Outdoor Playset,Kids Accessories,8,434.9,8,28.07,"33""W x 29""D x 37""H",14,0.46
JCWUST,Unique Artisanal Craft,Others,10,725.28,9,44.41,"39""W x 12""D x 63""H",9,0.1
MMZZYZ,Smart Keyboard,Technology,2,982.22,8,-11,"36""W x 12""D x 68""H",3,0.37
ZOCDF2,Elegant Rug,Furniture,6,306.1,3,-72.68,"18""W x 14""D x 55""H",12,0.36
F5211R,Compact Smartphone,Technology,3,494.67,6,17.19,"10""W x 40""D x 73""H",18,0.36
Y87J6W,Luxury Sofa,Furniture,1,323.3,10,80.33,"43""W x 40""D x 37""H",6,0.31
Z8TKOB,Sophisticated Portfolio,Stationary Items,12,822.59,4,88.53,"16""W x 46""D x 64""H",8,0.31
SPDPBX,Playful Art Kit,Kids Accessories,1,37.06,1,55.71,"46""W x 44""D x 52""H",16,0.29
MOJNU2,Casual Dress,Clothing,11,364.58,8,57.52,"16""W x 12""D x 32""H",15,0.07
Q2B1QM,Professional Sticky Notes,Stationary Items,11,646.88,5,-84.99,"10""W x 26""D x 79""H",20,0.17
QELDKY,Luxury Desk,Furniture,9,971.18,1,-9.43,"40""W x 27""D x 27""H",10,0.27
B1LU0A,Healthy Fruit Basket,Grocery,6,35.82,7,-74.86,"20""W x 13""D x 33""H",1,0.22
W04AZG,Wireless Keyboard,Technology,4,477.84,9,26.93,"10""W x 44""D x 29""H",20,0.24
0GXBLJ,Interactive Outdoor Playset,Kids Accessories,5,180.08,10,-20.41,"27""W x 34""D x 68""H",7,0.34
KLEJRA,Trendy Jeans,Clothing,12,692.67,3,3.48,"16""W x 11""D x 70""H",4,0.22
20V1YH,Refined Stationary Organizer,Stationary Items,8,157.47,5,-95.06,"33""W x 39""D x 68""H",12,0.05
K3AYSF,Luxurious Masterpiece,Others,2,601.51,8,-34.89,"19""W x 40""D x 78""H",1,0.35
AG770Y,Versatile Blender,Appliances,1,547.62,3,-83.89,"41""W x 38""D x 58""H",16,0.42
8TX4W6,Whimsical Art Kit,Kids Accessories,6,809.04,1,-74.44,"16""W x 43""D x 49""H",15,0.35
U7DPO7,Local Spice Set,Grocery,8,535.85,4,0.98,"29""W x 31""D x 57""H",1,0.13
VU24EC,Durable Desk Organizer,Office Supplies,5,112.8,1,16.75,"41""W x 39""D x 76""H",10,0.34
DJ6JME,Educational Costume,Kids Accessories,12,69.03,1,35.75,"12""W x 30""D x 56""H",15,0.32
9EKQLB,Luxurious Masterpiece,Others,5,190.5,10,-7.56,"45""W x 13""D x 59""H",5,0.1
BVOUBS,Sleek Notebook,Office Supplies,8,772.56,1,-69.76,"18""W x 48""D x 68""H",13,0.44
SRKN3T,Ergonomic Desk Organizer,Office Supplies,10,656.54,6,93.48,"29""W x 14""D x 75""H",3,0.28
3PBJLJ,Healthy Fruit Basket,Grocery,7,835.97,8,-85.39,"22""W x 32""D x 35""H",8,0.41
PJZGF4,Premium Table,Furniture,2,918.77,6,-87.8,"39""W x 13""D x 22""H",17,0.04
HTSIC7,Smart Mouse,Technology,12,712.25,5,18.56,"17""W x 50""D x 73""H",8,0.21
BN9MWW,Local Snack Pack,Grocery,1,826.11,7,-15.24,"13""W x 18""D x 25""H",3,0.43
5NG8UN,Wireless Laptop,Technology,4,317.12,10,59.07,"41""W x 41""D x 71""H",6,0.17
KUSV5N,Stylish File Cabinet,Office Supplies,5,545.86,10,-37.5,"47""W x 47""D x 30""H",8,0
JHWZJJ,Whimsical Building Blocks,Kids Accessories,2,438.9,4,39.97,"12""W x 28""D x 25""H",10,0.21
4S3PAX,Sophisticated Sticky Notes,Stationary Items,12,461.49,5,80.59,"40""W x 41""D x 76""H",19,0.35
8TVT60,Energy-saving Refrigerator,Appliances,2,759.03,4,-79.8,"46""W x 27""D x 29""H",7,0.02
3XKB8X,Practical Notebook,Office Supplies,5,727.68,1,99.45,"42""W x 36""D x 77""H",13,0.04
YHGXDF,Advanced Keyboard,Technology,4,252.27,4,-99.33,"14""W x 43""D x 62""H",11,0.07
GLEYZ7,Classic Notebook Set,Stationary Items,7,229.95,3,-48.6,"31""W x 15""D x 40""H",9,0.35
V5NS9A,Fun Art Kit,Kids Accessories,8,860.87,1,59.11,"13""W x 16""D x 68""H",20,0.17
76INJ0,Local Snack Pack,Grocery,11,266.04,6,-1.05,"27""W x 43""D x 72""H",15,0.36
N8GW30,Playful Outdoor Playset,Kids Accessories,6,398.3,4,-16.9,"13""W x 45""D x 51""H",2,0.25
TO7ONO,Efficient Dishwasher,Appliances,9,559.98,2,-30.41,"31""W x 12""D x 22""H",12,0.29
ZKO03Z,Luxury Desk,Furniture,2,759.77,10,-54.56,"38""W x 14""D x 34""H",7,0.2
Q2652C,Deluxe Table,Furniture,8,652.54,5,47.12,"43""W x 10""D x 59""H",9,0.35
T690U4,Energy-saving Toaster,Appliances,5,587.33,2,-53.83,"18""W x 35""D x 71""H",15,0.14
TRPBXB,Interactive Plush Toy,Kids Accessories,5,339.73,4,84.7,"36""W x 31""D x 29""H",12,0.06
UUXM20,Premium Treasure,Others,1,209.38,5,29.88,"41""W x 48""D x 41""H",17,0.1
E5QZDZ,Modern Rug,Furniture,1,243.55,4,19.13,"31""W x 34""D x 77""H",5,0.46
SQ6VTS,Cute Costume,Kids Accessories,2,264.63,5,-77.66,"39""W x 34""D x 38""H",15,0.43
4TP0ID,Sleek Desk Organizer,Office Supplies,3,341.09,2,-59.15,"29""W x 43""D x 78""H",16,0.3
SNJ1XV,Artisan Vegetable Assortment,Grocery,1,782.6,7,29.29,"13""W x 41""D x 50""H",20,0.1
1X1ZM7,Artisan Spice Set,Grocery,9,743.42,5,46.46,"29""W x 39""D x 77""H",13,0.13
1SK4FS,Stylish Dishwasher,Appliances,4,722.92,4,-51.98,"14""W x 46""D x 55""H",14,0.23
ML6DC9,Rare Artisanal Craft,Others,6,418.39,7,97.62,"26""W x 28""D x 69""H",11,0.15
9VOP43,Refined Pen Collection,Stationary Items,8,322.37,9,18.03,"35""W x 29""D x 69""H",16,0.41
T9D86R,Premium Artisanal Craft,Others,5,132.88,2,-80.83,"12""W x 38""D x 21""H",12,0.26
NA85XO,Casual Sweater,Clothing,11,421.16,8,-95.03,"44""W x 30""D x 65""H",2,0.34
8659PR,Rare Masterpiece,Others,9,300.05,4,76.59,"45""W x 22""D x 27""H",20,0.45
LOM024,Deluxe Lamp,Furniture,10,543.61,9,86.04,"20""W x 32""D x 61""H",6,0.09
MN7IB6,Chic Sweater,Clothing,1,363.17,10,-28.91,"20""W x 29""D x 22""H",18,0.35
6HX6E1,Refined Portfolio,Stationary Items,2,100.27,2,-88.95,"11""W x 48""D x 79""H",4,0.42
31SWSA,Elegant Jeans,Clothing,4,606.8,5,99.99,"14""W x 31""D x 37""H",15,0.42
C61WSV,Deluxe Desk,Furniture,8,182.52,6,-76.18,"24""W x 42""D x 40""H",13,0.44
J04UUV,Innovative Mouse,Technology,5,369.11,7,38.8,"11""W x 34""D x 62""H",12,0.14
BZF4VH,Refined Sticky Notes,Stationary Items,1,908.07,3,67.58,"15""W x 24""D x 29""H",9,0.12
KUL869,Elegant Pen Collection,Stationary Items,12,419.89,4,-55.04,"37""W x 45""D x 71""H",13,0.43
Y40OJ9,Elegant Dress,Clothing,1,738.16,2,-17.81,"43""W x 42""D x 38""H",6,0.1
TMS1F9,Deluxe Desk,Furniture,9,765.01,9,54.48,"12""W x 41""D x 21""H",1,0.2
ZVKZBM,Refined Sticky Notes,Stationary Items,6,467.44,7,-68.42,"46""W x 34""D x 47""H",19,0.19
F22DRF,Stylish Desk Organizer,Office Supplies,2,659.47,7,-65.71,"41""W x 20""D x 72""H",6,0.25
DMYE50,Stylish Jeans,Clothing,5,227.84,8,-11.94,"44""W x 45""D x 35""H",15,0.17
HOEP5R,Stylish Skirt,Clothing,8,128.09,8,-92.39,"17""W x 35""D x 29""H",1,0.14
J7X5GE,Organic Bread Sampler,Grocery,5,941.3,4,-18.77,"28""W x 45""D x 74""H",20,0.34
BKS8DJ,Smart Keyboard,Technology,3,650.88,1,41.88,"14""W x 35""D x 61""H",14,0.15
CXUMZG,Compact Refrigerator,Appliances,7,256.76,4,6.64,"38""W x 23""D x 30""H",18,0.43
SWK5GA,Reliable Coffee Maker,Appliances,11,908.1,2,-50.7,"35""W x 11""D x 40""H",11,0.49
6FU3Y2,Classic Journal,Stationary Items,9,994.86,10,-39.31,"50""W x 18""D x 70""H",10,0.14
08CQEH,Sophisticated Notebook Set,Stationary Items,6,907.93,10,-50.73,"12""W x 30""D x 57""H",10,0.34
L7XU17,Compact Printer,Technology,8,357.82,6,-72.73,"37""W x 25""D x 41""H",5,0.28
0NJOV6,Special Handcrafted Artifact,Others,8,783.85,9,24.93,"16""W x 44""D x 31""H",14,0.48
GT7X5O,Luxury Rug,Furniture,1,277.42,10,63.82,"20""W x 23""D x 26""H",13,0.4
8J6HGC,Fresh Spice Set,Grocery,10,20.58,3,88.09,"45""W x 25""D x 45""H",9,0.5
H9TSW8,Artisan Vegetable Assortment,Grocery,6,714.58,4,87.75,"35""W x 13""D x 65""H",17,0.1
O9ER32,High-quality Table,Furniture,12,19.53,5,40.95,"30""W x 36""D x 59""H",1,0.13
IQ72NS,Luxurious Handcrafted Artifact,Others,9,677.2,6,-46.33,"36""W x 27""D x 28""H",9,0.48
SV6EGH,Classic Sticky Notes,Stationary Items,10,317.98,2,-85.2,"20""W x 24""D x 49""H",2,0.47
4LNYVQ,Trendy Shoes,Clothing,2,596.79,4,-52.27,"44""W x 46""D x 59""H",1,0.37
9SAOEZ,Fashionable Sweater,Clothing,4,782.36,4,-93.9,"45""W x 36""D x 55""H",6,0.12
CID7P2,Classic Stationary Organizer,Stationary Items,11,739.54,4,26.34,"38""W x 18""D x 77""H",2,0.43
A4OA16,Practical Portfolio,Stationary Items,12,181.17,10,-24.06,"20""W x 21""D x 57""H",14,0.49
7KMEQC,Colorful Outdoor Playset,Kids Accessories,9,201.78,5,-20.7,"41""W x 22""D x 44""H",9,0.13
6199UN,Unique Artisanal Craft,Others,5,701.99,3,33.08,"11""W x 12""D x 75""H",15,0.12
LC3KRB,Efficient Refrigerator,Appliances,11,968.84,10,82.59,"34""W x 28""D x 51""H",4,0.12
B950ZX,Educational Outdoor Playset,Kids Accessories,7,763.48,3,-77.48,"26""W x 49""D x 37""H",3,0.11
7L0CBH,Smart Smartphone,Technology,2,192.6,1,-13.14,"31""W x 14""D x 75""H",9,0.08
9VFS2F,Elegant Notebook Set,Stationary Items,11,746.33,1,57.87,"19""W x 27""D x 41""H",17,0.05
KRQI4U,Exclusive Handcrafted Artifact,Others,8,377.08,2,48.02,"17""W x 30""D x 22""H",6,0.14
LUX3YE,Fresh Dessert Box,Grocery,10,10.53,6,96.41,"44""W x 15""D x 59""H",16,0.12
KYG7CW,Fashionable Jacket,Clothing,9,921.4,10,99.75,"19""W x 34""D x 42""H",18,0.17
0AYOIZ,Special Collectors Item,Others,5,332.45,3,-92.02,"26""W x 36""D x 26""H",16,0.01
T2ORX7,Professional Stapler,Office Supplies,10,308.36,4,-31.91,"25""W x 42""D x 44""H",16,0.31
41820I,Modern Toaster,Appliances,4,897.4,10,56.79,"24""W x 50""D x 71""H",8,0.39
OHCY6P,Exclusive Masterpiece,Others,11,879.58,4,-29.1,"41""W x 39""D x 27""H",15,0.5
NNWJ1A,Efficient Microwave,Appliances,12,947.34,3,34.1,"14""W x 35""D x 42""H",17,0.22
LAAEN6,High-quality Desk,Furniture,1,100.13,6,-37.06,"17""W x 41""D x 72""H",15,0.33
MIBJH0,Sophisticated Desk Calendar,Stationary Items,6,149.8,1,-94.54,"12""W x 24""D x 67""H",5,0.38
MQWJ3P,Premium Treasure,Others,1,505.22,7,-52.14,"23""W x 13""D x 27""H",20,0.37
H75YSB,Advanced Smartphone,Technology,1,428.14,2,39.47,"22""W x 15""D x 71""H",15,0.48
HYASBE,Reliable Blender,Appliances,8,89.01,5,-95.23,"45""W x 48""D x 45""H",16,0.45
SHW4O3,Refined Desk Calendar,Stationary Items,7,394.99,2,96.36,"24""W x 24""D x 32""H",4,0.25
JH9P0X,Comfortable Skirt,Clothing,8,709.26,8,-57.83,"19""W x 50""D x 68""H",14,0.3
ZTRBKR,Exclusive Decorative Piece,Others,10,506.26,8,66.25,"41""W x 32""D x 68""H",20,0
8WIXHQ,Durable Binder,Office Supplies,5,636.45,4,-79.75,"44""W x 37""D x 31""H",16,0.08
KQONS0,Luxurious Decorative Piece,Others,9,965.4,9,-6.81,"45""W x 16""D x 44""H",12,0.28
QJNJKI,Luxury Rug,Furniture,12,100.42,6,22.84,"17""W x 35""D x 41""H",20,0.44
PKN69X,Practical Calculator,Office Supplies,10,823.09,9,-23.96,"24""W x 37""D x 20""H",2,0.42
YQ8WMZ,Classic Notebook Set,Stationary Items,11,503.35,6,-42.95,"36""W x 10""D x 42""H",11,0.18
CLSDFQ,Modern Vacuum Cleaner,Appliances,11,247.62,8,54.17,"47""W x 16""D x 35""H",3,0.48
O328XM,Fun Puzzle,Kids Accessories,1,481.6,10,46.34,"34""W x 44""D x 71""H",8,0.26
WP1EUC,Stylish Pen Set,Office Supplies,9,267.29,5,-91.89,"20""W x 48""D x 45""H",14,0.33
LCNAT4,Advanced Laptop,Technology,8,810.3,10,94.22,"14""W x 46""D x 60""H",18,0.08
APGXDV,Artisan Cheese Selection,Grocery,3,688.41,9,11.52,"30""W x 34""D x 66""H",12,0.17
UPOA05,Classic Lamp,Furniture,11,227.34,6,22.57,"22""W x 46""D x 22""H",5,0.21
RTXMV3,Fresh Dessert Box,Grocery,3,339.03,8,-67.15,"49""W x 11""D x 34""H",4,0.04
NYFZZL,Classic Sticky Notes,Stationary Items,12,78.87,2,94.39,"30""W x 35""D x 76""H",17,0.07
ROJWKD,Rare Collectors Item,Others,8,614.78,5,85.84,"19""W x 26""D x 61""H",7,0.04
IVI7DA,Gourmet Snack Pack,Grocery,3,210.81,9,59.28,"47""W x 50""D x 72""H",12,0.11
B1RUTS,High-quality Sofa,Furniture,11,431.62,5,44.39,"45""W x 44""D x 41""H",16,0.27
BRQY6F,Refined Desk Calendar,Stationary Items,6,444.36,9,-64.94,"24""W x 38""D x 70""H",12,0.36
DARYTJ,Versatile Microwave,Appliances,9,267.04,9,80.24,"21""W x 41""D x 73""H",4,0.48
WAVE6N,Luxurious Decorative Piece,Others,3,558.34,8,83.74,"32""W x 13""D x 20""H",8,0.12
CHG60Y,Whimsical Art Kit,Kids Accessories,10,11.27,10,39.66,"27""W x 43""D x 35""H",18,0.18
DW9CQ5,Stylish Blender,Appliances,8,68.87,5,-34.51,"31""W x 27""D x 64""H",19,0.29
X42AHT,Durable Desk Organizer,Office Supplies,8,859.29,10,-78.92,"31""W x 36""D x 27""H",11,0.23
7ZREO1,Comfortable Sweater,Clothing,12,375.95,5,-32.49,"25""W x 35""D x 29""H",2,0.34
KGUG52,Cute Building Blocks,Kids Accessories,2,376.23,3,35.64,"29""W x 22""D x 57""H",10,0.18
Y9WDMR,Healthy Cheese Selection,Grocery,1,508.43,1,68.78,"33""W x 44""D x 45""H",13,0.02
FTW2RC,Luxurious Masterpiece,Others,9,379.29,10,-56.86,"44""W x 39""D x 62""H",14,0.18
1Z0AE2,Casual Shoes,Clothing,10,179.72,8,93.81,"34""W x 14""D x 60""H",11,0.08
3PXEVN,Advanced Laptop,Technology,9,55.18,2,91.06,"14""W x 18""D x 57""H",14,0.35
6ZIJBS,High-quality Rug,Furniture,2,552.72,1,66.15,"44""W x 29""D x 79""H",17,0.3
D8XJEA,Gourmet Snack Pack,Grocery,11,972.11,1,39.67,"17""W x 26""D x 52""H",16,0.46
LA6O9S,Interactive Art Kit,Kids Accessories,3,74.34,1,-72.39,"49""W x 39""D x 24""H",18,0.16
HCDSVP,Energy-saving Refrigerator,Appliances,3,322.91,7,0.7,"34""W x 46""D x 43""H",1,0.13
LGMC4R,Compact Microwave,Appliances,11,399.43,3,-11.2,"24""W x 31""D x 32""H",11,0.17
V7MOTW,High-tech Smartphone,Technology,6,446.33,5,-67,"48""W x 47""D x 57""H",16,0.47
NU9FMA,Elegant Jacket,Clothing,4,944.27,4,-57.36,"43""W x 36""D x 63""H",3,0.1
8TY3WW,Premium Collectors Item,Others,7,416.05,5,4.03,"13""W x 13""D x 29""H",17,0.5
DKKQ9U,Chic Jeans,Clothing,2,628.59,4,97.28,"15""W x 23""D x 20""H",7,0.08
SCHMCZ,Deluxe Sofa,Furniture,7,859.66,7,54.89,"43""W x 44""D x 74""H",6,0.31
HIAELL,Refined Notebook Set,Stationary Items,9,772.38,9,-91.18,"24""W x 44""D x 48""H",19,0.08
5NR5F3,Portable Tablet,Technology,9,424.47,7,89.59,"39""W x 25""D x 75""H",2,0.07
OXBEAC,Compact Laptop,Technology,4,721.48,9,70.04,"14""W x 17""D x 28""H",1,0.35
5RVTNW,Exclusive Decorative Piece,Others,1,328.24,9,-66.99,"12""W x 48""D x 77""H",10,0.23
HIS6PP,Stylish Desk Organizer,Office Supplies,8,669.28,1,34.72,"18""W x 43""D x 27""H",9,0.21
HP31LX,Portable Smartphone,Technology,4,799.11,6,-86.8,"48""W x 22""D x 79""H",6,0.24
QOBC8M,Classic Journal,Stationary Items,8,388.56,1,66.48,"45""W x 21""D x 61""H",1,0.15
OT79J0,Interactive Toy Set,Kids Accessories,6,454.25,9,-46.29,"27""W x 38""D x 28""H",11,0.14
7NIKGU,Compact Coffee Maker,Appliances,6,793.65,10,-21.39,"22""W x 48""D x 34""H",15,0.05
7WAJZ0,Cute Plush Toy,Kids Accessories,9,526.35,8,-37.37,"45""W x 26""D x 42""H",6,0.15
UVH9B3,Professional Pen Set,Office Supplies,11,957.83,8,97.45,"42""W x 31""D x 41""H",10,0.31
NW6UDB,Fashionable Dress,Clothing,6,852.33,1,-26.08,"22""W x 23""D x 20""H",7,0.17
WKIAW5,Interactive Art Kit,Kids Accessories,8,780.05,6,45.12,"48""W x 20""D x 29""H",2,0.16
6KK8GP,Stylish Stapler,Office Supplies,6,294.68,5,-89.58,"18""W x 30""D x 48""H",16,0.21
4V7VUB,Sophisticated Journal,Stationary Items,5,609.69,6,10.72,"45""W x 27""D x 42""H",3,0.36
32V3B8,Fresh Cheese Selection,Grocery,5,453.34,9,64.82,"46""W x 42""D x 80""H",16,0.17
SZ0KNX,Educational Plush Toy,Kids Accessories,10,603.13,10,-94.24,"36""W x 48""D x 55""H",6,0.4
SEZCKC,Smart Laptop,Technology,4,281.71,8,17.99,"31""W x 32""D x 68""H",15,0.14
4565DY,Stylish Stapler,Office Supplies,12,725.1,10,89.15,"33""W x 19""D x 53""H",10,0.05
1LXBKI,Educational Outdoor Playset,Kids Accessories,3,759.21,4,94.41,"34""W x 42""D x 31""H",5,0.18
IIW0NN,Refined Notebook Set,Stationary Items,4,719.36,1,-11.05,"50""W x 38""D x 77""H",19,0.48
9XESW9,Trendy Jeans,Clothing,7,179.73,10,40.95,"28""W x 34""D x 69""H",12,0.14
O432QD,Rare Artisanal Craft,Others,1,223.61,8,-0.94,"44""W x 28""D x 49""H",10,0.13
PPF232,Educational Plush Toy,Kids Accessories,12,301.51,6,12.89,"22""W x 36""D x 47""H",20,0.13
U1MIOK,Local Fruit Basket,Grocery,10,771.63,5,49.82,"44""W x 47""D x 51""H",4,0.47
XPM1AQ,Natural Cheese Selection,Grocery,8,962.59,9,0.64,"50""W x 28""D x 60""H",3,0.43
95KH4I,Modern Dishwasher,Appliances,8,788.06,3,-56.87,"25""W x 18""D x 56""H",10,0.43
FODOJ4,Exclusive Treasure,Others,1,160.58,1,16.03,"20""W x 31""D x 54""H",8,0.27
3ZRM99,Deluxe Bookcase,Furniture,12,208.58,4,-64.57,"41""W x 13""D x 79""H",20,0.05
5P3YIP,Compact Smartphone,Technology,9,86.04,4,-75.15,"16""W x 44""D x 72""H",14,0.5
8QOMGE,Advanced Headphones,Technology,2,846.53,2,-44.89,"21""W x 45""D x 59""H",16,0.49
AJROA4,Compact Mouse,Technology,10,548.84,7,34.72,"20""W x 19""D x 32""H",1,0.5
O08GI0,Sleek Desk Organizer,Office Supplies,5,582.42,5,32.99,"11""W x 43""D x 61""H",10,0.39
GH1AKC,Practical Pen Set,Office Supplies,10,246.22,5,82.99,"42""W x 17""D x 65""H",20,0.35
J58I1V,Fun Costume,Kids Accessories,6,492.48,5,-92.39,"46""W x 18""D x 30""H",8,0.33
8QUV15,High-tech Laptop,Technology,5,130.66,4,68.43,"18""W x 13""D x 35""H",14,0.38
LW5ILK,Fun Building Blocks,Kids Accessories,3,600.09,1,-65.67,"44""W x 23""D x 69""H",6,0.5
FZK3O8,High-quality Bookcase,Furniture,1,81.71,5,-53.91,"25""W x 38""D x 77""H",2,0.15
JFWXHL,Wireless Headphones,Technology,5,718.63,2,-49.63,"26""W x 23""D x 46""H",2,0.02
ELE3EI,Stylish File Cabinet,Office Supplies,10,127.53,9,20.89,"27""W x 13""D x 38""H",3,0.45
JH6WYE,Functional File Cabinet,Office Supplies,4,882.12,10,77.24,"30""W x 44""D x 37""H",8,0.22
MR98SE,Stylish Pen Set,Office Supplies,4,622.02,1,8.67,"40""W x 48""D x 44""H",1,0.33
YMO2VU,Luxury Chair,Furniture,7,572.7,6,-20.99,"34""W x 40""D x 56""H",7,0.21
L8A5AA,Professional Pen Set,Office Supplies,10,374.54,9,99.99,"24""W x 39""D x 77""H",16,0.22
55KOAB,Modern Table,Furniture,4,622.43,3,44,"24""W x 36""D x 49""H",12,0.29
SVDCLP,Stylish Pen Set,Office Supplies,10,722.87,3,-54.05,"30""W x 11""D x 26""H",18,0.42
FIZWON,Fashionable Dress,Clothing,2,89.74,10,-3.21,"15""W x 38""D x 24""H",20,0.29
TKK9FU,Special Exquisite Object,Others,1,738.81,8,0.93,"21""W x 40""D x 68""H",11,0.48
WQLGMK,Stylish Skirt,Clothing,1,807.79,6,-20.1,"34""W x 26""D x 58""H",10,0.01
BFUUHV,Elegant Jacket,Clothing,3,902.56,10,-98.04,"12""W x 26""D x 66""H",3,0.06
AU1IQ5,Educational Building Blocks,Kids Accessories,11,582.86,7,-64.86,"38""W x 21""D x 36""H",8,0.14
RINO00,Compact Coffee Maker,Appliances,4,746.53,7,-42.37,"15""W x 19""D x 61""H",15,0.45
UOGA9P,Natural Cheese Selection,Grocery,5,746.57,8,88.72,"43""W x 44""D x 49""H",2,0.05
N0V38L,Functional Sticky Notes,Stationary Items,1,277.34,9,88.21,"48""W x 14""D x 65""H",7,0.11
AJBHVF,Casual Sweater,Clothing,3,439.61,3,-90.61,"38""W x 28""D x 73""H",20,0.38
4OB94D,Fun Toy Set,Kids Accessories,12,983.16,9,-83.41,"23""W x 45""D x 42""H",19,0.3
EU8HK6,Interactive Building Blocks,Kids Accessories,9,311.1,4,-49.41,"11""W x 34""D x 46""H",9,0.19
GLRGSR,Unique Decorative Piece,Others,7,617.1,5,21.41,"11""W x 34""D x 32""H",3,0.21
RHSVV1,Gourmet Dessert Box,Grocery,3,170.23,5,54.28,"16""W x 26""D x 33""H",19,0.2
5CCPGB,Chic Jacket,Clothing,10,848.05,6,-2.22,"30""W x 43""D x 27""H",13,0.38
Q5RTE5,Luxury Sofa,Furniture,7,950.91,5,-57.89,"16""W x 24""D x 27""H",3,0.44
172B16,Luxurious Collectors Item,Others,3,498.73,9,-67.04,"40""W x 43""D x 67""H",19,0.07
BR1BN6,Functional Stationary Organizer,Stationary Items,12,726.82,10,52.3,"19""W x 35""D x 60""H",11,0.07
3C0GKB,Interactive Costume,Kids Accessories,9,239.6,7,77.13,"28""W x 31""D x 54""H",11,0.05
SNNV6C,Classic Journal,Stationary Items,12,83.35,10,63.52,"39""W x 43""D x 41""H",8,0.07
YOS8I7,Chic T-Shirt,Clothing,6,299.92,5,-28,"37""W x 35""D x 50""H",11,0.28
SC9OWT,Fashionable Jeans,Clothing,8,52.05,3,-70.55,"15""W x 23""D x 74""H",13,0.08
TV80FF,Ergonomic Calculator,Office Supplies,7,388.39,1,95.64,"19""W x 31""D x 46""H",7,0.09
F7IRQS,Functional Journal,Stationary Items,9,313.39,4,21.05,"45""W x 27""D x 66""H",15,0.3
7B3CZR,Premium Exquisite Object,Others,9,871.05,7,-52.85,"26""W x 44""D x 46""H",13,0
JDT090,Premium Rug,Furniture,12,196.19,1,51.81,"20""W x 16""D x 40""H",10,0.32
HRCIIM,Portable Keyboard,Technology,1,684.36,10,-71.29,"25""W x 41""D x 54""H",9,0.41
3287PM,Limited Edition Exquisite Object,Others,9,252.92,5,-69.98,"27""W x 31""D x 35""H",20,0.35
AYFOH5,Fashionable Jeans,Clothing,1,940.56,2,-4.6,"50""W x 25""D x 36""H",1,0.17
464XZV,Rare Collectors Item,Others,5,13.39,2,81.04,"41""W x 16""D x 29""H",7,0.12
FEUHLH,Durable Pen Set,Office Supplies,7,802.54,9,-21.32,"33""W x 25""D x 79""H",12,0.4
R11HJN,Professional Notebook Set,Stationary Items,4,533.88,3,32.51,"40""W x 50""D x 50""H",11,0.29
JLZ43I,Exclusive Handcrafted Artifact,Others,6,684.24,4,-45.45,"47""W x 13""D x 22""H",10,0.39
0KSL1P,Elegant Dress,Clothing,7,773.91,7,-81.28,"29""W x 12""D x 40""H",4,0.01
YL2E3C,Limited Edition Decorative Piece,Others,7,859.26,10,-78.4,"17""W x 13""D x 73""H",1,0.38
6A9AAJ,Limited Edition Exquisite Object,Others,12,565.91,9,-13.9,"17""W x 47""D x 26""H",20,0.4
5LXI0U,Elegant Desk,Furniture,4,680.21,3,74.65,"23""W x 40""D x 45""H",16,0.24
FAQ80D,Local Fruit Basket,Grocery,6,670.65,8,73.73,"35""W x 10""D x 69""H",7,0.23
BADYJZ,Premium Chair,Furniture,6,699.69,1,-64.21,"34""W x 20""D x 80""H",6,0.22
IHXZUE,Unique Exquisite Object,Others,4,91.46,10,68.49,"48""W x 25""D x 21""H",2,0.3
8LCH83,Professional Pen Set,Office Supplies,11,217,7,34.35,"30""W x 21""D x 46""H",14,0.38
J1CEKC,Modern Toaster,Appliances,8,662.21,9,-54.65,"48""W x 15""D x 78""H",8,0.33
NL6WUV,Luxury Bookcase,Furniture,9,442.05,1,43.76,"14""W x 23""D x 64""H",14,0.04
G79VZJ,Energy-saving Toaster,Appliances,5,804.52,6,-94.04,"22""W x 36""D x 77""H",15,0.41
HWL0I5,Elegant Desk Calendar,Stationary Items,7,198.27,8,96.82,"16""W x 36""D x 37""H",7,0.42
VW041T,Playful Toy Set,Kids Accessories,8,844.75,5,-96.73,"50""W x 24""D x 35""H",7,0.18
VKVOQF,Playful Costume,Kids Accessories,3,191.46,5,72.93,"16""W x 22""D x 21""H",4,0.46
WKHI03,Comfortable Jeans,Clothing,7,764.76,1,31.41,"34""W x 35""D x 24""H",9,0.44
T95X8U,Functional Journal,Stationary Items,12,677.12,9,21.31,"36""W x 31""D x 57""H",3,0.22
DTK0QP,Functional Desk Calendar,Stationary Items,6,327.48,3,53.61,"38""W x 28""D x 76""H",6,0.09
QLHJP7,Rare Artisanal Craft,Others,5,419.72,3,77.92,"20""W x 25""D x 45""H",8,0.09
GU3N0W,Natural Snack Pack,Grocery,1,321.78,10,48.98,"36""W x 48""D x 34""H",3,0.43
DCA7JD,Interactive Costume,Kids Accessories,1,208.44,2,71.69,"24""W x 39""D x 41""H",1,0.5
SQH83P,Rare Collectors Item,Others,11,285.05,9,-64.19,"50""W x 49""D x 21""H",16,0.03
B189V5,Colorful Art Kit,Kids Accessories,8,312.6,6,-89.01,"20""W x 29""D x 42""H",17,0.15
IEBVQ9,Practical Notebook,Office Supplies,10,189.68,4,78.62,"30""W x 34""D x 66""H",6,0.31
9DBK69,Elegant Journal,Stationary Items,2,316.07,8,67.78,"18""W x 23""D x 37""H",5,0.49
8HAHJ2,Stylish Pen Set,Office Supplies,6,684.14,10,-59.98,"37""W x 40""D x 71""H",18,0.43
E19VJ5,Elegant Bookcase,Furniture,6,175.19,7,15.4,"17""W x 37""D x 38""H",14,0.29
YTIG1I,Modern Sofa,Furniture,12,439.84,6,-69.31,"24""W x 15""D x 60""H",13,0.23
Z71BBI,High-tech Keyboard,Technology,9,751.45,10,87.5,"23""W x 32""D x 28""H",16,0.4
NC78M7,Chic Dress,Clothing,3,257.09,3,27.82,"44""W x 39""D x 38""H",6,0.4
VDT58M,Fresh Spice Set,Grocery,2,760.55,7,4.55,"34""W x 15""D x 73""H",12,0.45
CC2MPB,Limited Edition Handcrafted Artifact,Others,8,812.23,4,-2.71,"23""W x 27""D x 57""H",16,0.3
H2L716,Comfortable Jacket,Clothing,11,466.82,5,76.76,"37""W x 38""D x 57""H",8,0.11
KFG2O3,Fun Plush Toy,Kids Accessories,10,958.27,8,-13.83,"32""W x 42""D x 70""H",7,0.1
Y1NK8F,Practical Calculator,Office Supplies,7,684.3,1,-29.36,"27""W x 44""D x 36""H",13,0.21
P5LSAN,Ergonomic File Cabinet,Office Supplies,10,86.42,2,91.58,"36""W x 48""D x 67""H",9,0.22
S76TFW,Wireless Mouse,Technology,6,43.01,6,-54.31,"26""W x 25""D x 26""H",16,0.21
DUGNNH,Elegant Table,Furniture,7,886.74,3,21.2,"27""W x 48""D x 68""H",17,0.38
BJ333H,Limited Edition Masterpiece,Others,9,125.87,9,-74.01,"32""W x 23""D x 78""H",3,0.02
PTWF1D,Classic Desk Calendar,Stationary Items,5,312.21,7,-96.12,"31""W x 26""D x 54""H",15,0.42
CESC4W,Functional Desk Calendar,Stationary Items,9,731.93,9,-85.74,"26""W x 45""D x 72""H",8,0.17
SOG3F5,High-quality Bookcase,Furniture,10,324.99,8,48.87,"30""W x 34""D x 65""H",16,0.49
UJQRDM,Professional Desk Calendar,Stationary Items,7,794.48,3,27.32,"21""W x 13""D x 79""H",12,0.42
EUYT91,Innovative Headphones,Technology,12,145.61,8,-92.49,"44""W x 38""D x 23""H",11,0.37
3VDU17,Fashionable Sweater,Clothing,9,490.42,9,-47.87,"35""W x 26""D x 55""H",16,0.02
2JY43H,Advanced Laptop,Technology,1,762.37,10,-61.75,"15""W x 40""D x 58""H",17,0.26
37OQXT,Elegant Skirt,Clothing,12,551.39,1,43.39,"13""W x 43""D x 32""H",1,0.17
CN61JV,Classic Pen Collection,Stationary Items,1,429.1,7,-78.52,"26""W x 22""D x 54""H",6,0.04
NUZ19O,Compact Microwave,Appliances,2,637.3,7,47.71,"32""W x 12""D x 20""H",11,0.15
VMCHPR,Whimsical Building Blocks,Kids Accessories,7,872.15,3,-89.2,"24""W x 38""D x 35""H",6,0.08
0LXTN3,Rare Collectors Item,Others,8,789.48,9,-69.24,"27""W x 33""D x 52""H",9,0.35
DVVJFA,Portable Mouse,Technology,11,556.73,6,-64.32,"31""W x 39""D x 26""H",13,0.27
EZS37G,Artisan Spice Set,Grocery,10,784,1,13.53,"50""W x 29""D x 78""H",20,0.16
M7Z327,Deluxe Desk,Furniture,10,158.87,7,40.69,"32""W x 49""D x 54""H",13,0.26
2FP9I8,Advanced Keyboard,Technology,9,336.5,6,-18.06,"32""W x 12""D x 26""H",11,0.32
PETKEM,Luxury Table,Furniture,4,317.35,3,-46.45,"34""W x 38""D x 65""H",15,0.48
VYQJWL,Durable Pen Set,Office Supplies,12,966.36,2,79.57,"14""W x 23""D x 56""H",6,0.05
HMV3YR,Stylish Dress,Clothing,6,857.31,9,-61.71,"34""W x 26""D x 53""H",5,0.26
GURXKM,Advanced Headphones,Technology,2,535.51,6,5.13,"43""W x 48""D x 32""H",8,0.08
1MDFSZ,Durable Binder,Office Supplies,3,208.03,8,21.08,"47""W x 31""D x 21""H",4,0.2
KHKTTM,Durable Desk Organizer,Office Supplies,2,917.08,6,8.04,"36""W x 47""D x 37""H",18,0.04
IS6FPM,Smart Printer,Technology,8,925.17,6,36.45,"29""W x 12""D x 66""H",3,0.47
T6LL3S,Sleek File Cabinet,Office Supplies,4,723.5,8,15.66,"17""W x 39""D x 70""H",10,0.39
0QH16D,Interactive Art Kit,Kids Accessories,8,666.34,9,-55.99,"11""W x 19""D x 46""H",15,0.49
27GZUB,Fashionable Jacket,Clothing,7,388.28,1,12.38,"13""W x 17""D x 62""H",16,0.12
LZMKVE,Fashionable Jeans,Clothing,4,941.36,9,-44.63,"34""W x 38""D x 79""H",8,0.2
4JCIG1,Practical Stapler,Office Supplies,3,500.41,9,42.72,"32""W x 43""D x 69""H",18,0.38
4BJFKR,Organic Vegetable Assortment,Grocery,8,721.84,3,-46.8,"44""W x 39""D x 31""H",16,0.15
TSWTIE,Special Collectors Item,Others,11,220.48,9,10.4,"43""W x 43""D x 32""H",17,0.36
L80G7C,Luxurious Exquisite Object,Others,12,986.8,4,-12.74,"46""W x 21""D x 26""H",8,0.02
N5ZWGV,Luxury Chair,Furniture,5,602.68,9,-67.73,"10""W x 34""D x 72""H",4,0.11
W5231K,High-tech Mouse,Technology,6,960.33,10,31.88,"33""W x 18""D x 32""H",14,0.44
V04R8M,Compact Mouse,Technology,7,906.59,2,-90.6,"32""W x 26""D x 37""H",13,0.35
CWUQVN,Classic Sofa,Furniture,8,147.04,7,-13.13,"18""W x 45""D x 69""H",4,0.36
X7Y4IA,Premium Handcrafted Artifact,Others,9,438.93,9,39.24,"27""W x 24""D x 54""H",13,0.44
AYNX7K,Efficient Microwave,Appliances,11,668.08,8,-27.89,"42""W x 34""D x 31""H",20,0.45
OGDAGG,Efficient Blender,Appliances,7,952.27,1,-0.69,"43""W x 49""D x 40""H",9,0.33
6NV9L9,Interactive Toy Set,Kids Accessories,1,464.34,9,-81.72,"19""W x 22""D x 71""H",14,0.5
5FJNFR,Casual Jacket,Clothing,1,997.59,8,-64.98,"13""W x 43""D x 43""H",3,0.4
CCXMAR,Compact Vacuum Cleaner,Appliances,11,21.92,7,-22.17,"39""W x 11""D x 71""H",4,0.48
JUPBI4,High-tech Keyboard,Technology,2,293.28,8,-80.58,"45""W x 47""D x 67""H",10,0.32
0XWALT,Special Artisanal Craft,Others,5,492.41,4,16.31,"24""W x 26""D x 26""H",11,0.11
Z3U67W,Functional Pen Collection,Stationary Items,1,514.01,6,-22.58,"44""W x 32""D x 54""H",15,0.08
ZDVI6L,Energy-saving Microwave,Appliances,1,499.98,2,81.06,"34""W x 49""D x 27""H",14,0.06
7GH1JV,Refined Journal,Stationary Items,11,992.5,4,-73.92,"29""W x 32""D x 55""H",2,0.17
89CJ9C,Classic Bookcase,Furniture,2,242.59,8,11.22,"38""W x 20""D x 32""H",14,0.28
VH3QND,Organic Snack Pack,Grocery,7,769.89,7,59.35,"37""W x 38""D x 39""H",11,0.32
2Y59F4,Classic Stationary Organizer,Stationary Items,1,147.08,6,-63.99,"15""W x 13""D x 56""H",11,0.21
6E23VW,Elegant Desk Calendar,Stationary Items,12,881.11,2,3.5,"37""W x 19""D x 62""H",13,0.46
RGDI6N,Portable Tablet,Technology,5,607.97,6,-47.64,"26""W x 28""D x 55""H",16,0.12
CW2Y0O,Casual Shoes,Clothing,1,177.55,10,58.29,"44""W x 17""D x 37""H",13,0.13
ID4B2X,Smart Keyboard,Technology,4,534.93,7,-43.02,"13""W x 36""D x 45""H",19,0.42
BL9MT5,Efficient Dishwasher,Appliances,5,221.02,2,9.92,"23""W x 31""D x 34""H",15,0.44
EJQEMZ,Rare Treasure,Others,4,520.89,1,-2.57,"35""W x 20""D x 74""H",17,0.29
NVP717,Practical Notebook Set,Stationary Items,12,343.38,10,-4.91,"31""W x 45""D x 59""H",10,0.38
OPLWP9,Versatile Vacuum Cleaner,Appliances,3,946.11,5,88.13,"21""W x 40""D x 42""H",15,0.28
46PAN4,Reliable Dishwasher,Appliances,4,207.02,5,32.59,"22""W x 34""D x 20""H",15,0.32
779ULQ,Ergonomic Pen Set,Office Supplies,4,853.13,10,99.25,"17""W x 46""D x 51""H",2,0.04
ZHGDUM,Versatile Vacuum Cleaner,Appliances,5,915.29,10,-63.15,"25""W x 18""D x 76""H",15,0.27
T9J15P,Limited Edition Exquisite Object,Others,12,547.78,6,-5.57,"37""W x 11""D x 41""H",19,0.38
7CRRZ2,Educational Plush Toy,Kids Accessories,5,341.98,4,-78.46,"11""W x 16""D x 34""H",5,0.22
V6QJ3B,Deluxe Sofa,Furniture,12,974.4,1,63.58,"18""W x 29""D x 53""H",5,0.15
5B8H0H,Limited Edition Masterpiece,Others,5,137.86,10,74.71,"28""W x 13""D x 52""H",8,0.42
MVHHJH,Luxurious Artisanal Craft,Others,2,68.67,8,-82.58,"17""W x 30""D x 27""H",1,0.39
HWVSC2,Elegant Jeans,Clothing,6,899.96,1,76.68,"21""W x 20""D x 63""H",4,0.47
1PNTWK,Elegant Jeans,Clothing,12,265.38,8,89.81,"22""W x 33""D x 43""H",16,0.05
MXAO3M,Rare Artisanal Craft,Others,9,429.71,7,79.56,"37""W x 18""D x 53""H",2,0.23
PHYNFM,Exclusive Artisanal Craft,Others,7,477.61,7,-58.42,"20""W x 34""D x 30""H",15,0.08
TIUH37,Colorful Toy Set,Kids Accessories,8,643.25,10,89.29,"29""W x 34""D x 45""H",3,0.12
R12CXA,Luxurious Decorative Piece,Others,7,564.14,10,96.43,"41""W x 28""D x 73""H",8,0.08
JQJDSP,Compact Microwave,Appliances,9,50.85,10,32.78,"49""W x 18""D x 39""H",1,0.45
ZCG7B0,Practical Pen Collection,Stationary Items,9,838.83,4,-81.44,"12""W x 29""D x 64""H",6,0.03
9T64FC,High-quality Bookcase,Furniture,4,505.42,2,78.68,"19""W x 39""D x 72""H",1,0.13
M7L09Q,Comfortable T-Shirt,Clothing,12,433.41,1,-6.92,"31""W x 14""D x 44""H",5,0.16
H7OCID,Stylish Jacket,Clothing,1,236.09,1,51.82,"13""W x 23""D x 78""H",9,0.24
W9GAC8,Premium Decorative Piece,Others,1,967.76,8,-84.42,"26""W x 25""D x 42""H",9,0.47
L8U2C4,Interactive Plush Toy,Kids Accessories,7,623.24,3,28.33,"27""W x 11""D x 45""H",16,0.2
Y4AN90,Casual T-Shirt,Clothing,5,941.11,4,25.14,"48""W x 49""D x 58""H",20,0.23
WYOJMN,Premium Collectors Item,Others,5,62.27,10,-33.69,"48""W x 22""D x 79""H",7,0.45
R0K6P0,Fashionable Dress,Clothing,12,608.06,1,-28.45,"21""W x 20""D x 66""H",18,0.3
ZY0OVS,Healthy Snack Pack,Grocery,11,757.07,5,-69.38,"39""W x 29""D x 33""H",2,0.47
JC9ZAQ,Gourmet Spice Set,Grocery,9,379.8,5,-14,"12""W x 13""D x 36""H",19,0.47
RK8UXZ,Refined Sticky Notes,Stationary Items,9,193.49,2,89.29,"47""W x 44""D x 44""H",7,0.43
0218FV,Classic Sofa,Furniture,2,285.12,3,-50.74,"27""W x 39""D x 76""H",16,0.34
VI7OJ9,High-tech Keyboard,Technology,4,244.09,5,64.89,"32""W x 37""D x 40""H",3,0.25
YDMB90,Versatile Vacuum Cleaner,Appliances,5,701.03,7,-66.3,"20""W x 16""D x 61""H",18,0.46
86M0E0,Sleek Calculator,Office Supplies,4,534.65,6,-64.17,"24""W x 19""D x 33""H",3,0.08
VTK535,Luxurious Exquisite Object,Others,10,523.36,3,-1.24,"28""W x 34""D x 42""H",1,0.21
FWBE3J,Unique Exquisite Object,Others,3,822.76,2,-84.01,"36""W x 29""D x 43""H",8,0.08
FDHA6M,Professional Sticky Notes,Stationary Items,10,445.42,2,-60.47,"33""W x 27""D x 41""H",12,0.16
IX0XLS,Local Spice Set,Grocery,10,180.28,8,-71.53,"12""W x 16""D x 34""H",8,0.45
NN5POB,Modern Dishwasher,Appliances,5,965.34,6,-0.61,"42""W x 24""D x 25""H",16,0.31
MUF5QC,Stylish Binder,Office Supplies,7,23.13,9,-46.22,"12""W x 36""D x 54""H",1,0.42
JYOT58,Practical Pen Collection,Stationary Items,5,46.16,2,-85.41,"10""W x 12""D x 78""H",5,0.43
N0F5J8,Trendy Skirt,Clothing,12,655.01,8,-68.57,"44""W x 47""D x 70""H",4,0.17
NUM83C,Special Collectors Item,Others,5,104.84,8,-53.63,"26""W x 44""D x 23""H",11,0.01
BFE7Y0,Modern Microwave,Appliances,10,673.46,3,27.61,"21""W x 11""D x 53""H",9,0.4
4ZEVD2,Trendy Jeans,Clothing,12,980.19,6,-5.77,"20""W x 24""D x 25""H",19,0.15
R3MSPF,Innovative Headphones,Technology,4,542.21,5,-62.21,"45""W x 22""D x 55""H",16,0.02
C47OCC,Compact Toaster,Appliances,3,176.57,10,30.36,"30""W x 17""D x 40""H",6,0.32
GNZD93,Limited Edition Decorative Piece,Others,11,838.34,8,-97.21,"44""W x 39""D x 21""H",16,0.19
7IMQT6,Sleek Calculator,Office Supplies,11,250.23,5,-94.22,"35""W x 33""D x 77""H",1,0.41
S3MCY0,Educational Building Blocks,Kids Accessories,5,219.92,10,-61.47,"22""W x 38""D x 36""H",11,0.36
47H1VA,Chic Shoes,Clothing,9,650.94,8,67.92,"19""W x 28""D x 45""H",18,0.23
LKBE0O,Whimsical Building Blocks,Kids Accessories,11,11.96,8,47.67,"34""W x 15""D x 31""H",16,0.49
8OATAC,Compact Microwave,Appliances,9,177.22,4,-79.02,"34""W x 40""D x 52""H",11,0.43
SF2UYD,Whimsical Plush Toy,Kids Accessories,8,772.45,4,-78.26,"35""W x 17""D x 44""H",6,0.16
047L3A,Premium Desk,Furniture,1,922.68,3,29.45,"17""W x 10""D x 47""H",19,0.43
FGY04K,Compact Microwave,Appliances,6,619.48,3,94.96,"24""W x 20""D x 72""H",19,0.04
84MO6D,Smart Tablet,Technology,11,869.01,4,43.81,"42""W x 33""D x 38""H",15,0.14
51KRFK,Fun Outdoor Playset,Kids Accessories,11,574.21,5,61.85,"30""W x 25""D x 23""H",3,0.09
T1G54V,Elegant Rug,Furniture,5,168.5,1,-30.43,"18""W x 35""D x 57""H",12,0.27
MKB6L8,Exclusive Exquisite Object,Others,6,399.1,7,36.7,"18""W x 14""D x 77""H",16,0.18
EXSLU0,Stylish Desk Organizer,Office Supplies,1,639.45,9,-0.13,"18""W x 34""D x 58""H",16,0
822UB9,Trendy Sweater,Clothing,1,956.56,7,-2.44,"50""W x 26""D x 64""H",5,0.37
XI594O,Premium Treasure,Others,5,505.76,7,-49.99,"50""W x 34""D x 37""H",18,0.35
6Z5F0B,Smart Printer,Technology,8,100.72,5,58.32,"28""W x 30""D x 24""H",1,0.08
FBKDC1,Organic Cheese Selection,Grocery,4,867.47,4,90.56,"40""W x 31""D x 68""H",18,0.48
GG0ZZM,Stylish Sweater,Clothing,2,895.37,2,51.48,"42""W x 43""D x 46""H",20,0.49
2X003C,Elegant T-Shirt,Clothing,7,903.95,2,-47.2,"47""W x 23""D x 29""H",2,0.21
ZI4CKF,Reliable Refrigerator,Appliances,11,250.94,5,-58.76,"27""W x 13""D x 80""H",12,0.46
Z3QRJI,Casual Sweater,Clothing,5,965.7,2,91.11,"45""W x 27""D x 25""H",2,0.35
XBE3Y6,Refined Pen Collection,Stationary Items,8,248.41,6,-77.02,"10""W x 33""D x 39""H",17,0.48
HZOS0O,Educational Costume,Kids Accessories,10,289.06,3,60.78,"10""W x 23""D x 73""H",5,0.21
IMVRQR,Sophisticated Desk Calendar,Stationary Items,5,365.88,9,-31.95,"16""W x 31""D x 79""H",11,0.34
0R57JQ,Natural Snack Pack,Grocery,1,549.04,6,62.17,"40""W x 18""D x 54""H",19,0.02
871BDZ,Fashionable Shoes,Clothing,6,10.3,4,17.1,"46""W x 21""D x 38""H",19,0.35
BHG1PJ,Professional Notebook,Office Supplies,1,866.98,1,-15.71,"44""W x 47""D x 38""H",3,0.46
FEY4XH,Portable Smartphone,Technology,2,208.81,2,81.42,"48""W x 10""D x 79""H",4,0.23
SNIV9F,Exclusive Masterpiece,Others,1,802.91,7,79.83,"10""W x 35""D x 39""H",5,0.26
GMSKQV,Fashionable Jeans,Clothing,11,61.27,9,94.44,"32""W x 16""D x 37""H",9,0.25
K6SZ14,Innovative Headphones,Technology,2,493.52,2,87.75,"18""W x 37""D x 35""H",8,0
3G2PKY,Advanced Tablet,Technology,11,806.44,4,62.01,"48""W x 45""D x 60""H",14,0.46
2KGGXG,Practical Notebook,Office Supplies,5,237.29,3,1.65,"22""W x 13""D x 49""H",17,0.12
57ESVP,Classic Stationary Organizer,Stationary Items,10,375.4,9,61.11,"32""W x 23""D x 74""H",19,0.28
O4R3AY,Luxury Chair,Furniture,9,998.03,2,23.57,"17""W x 38""D x 26""H",3,0.45
VIGNRB,Casual T-Shirt,Clothing,7,689.25,5,0.51,"23""W x 24""D x 73""H",16,0.44
7JWUR6,Gourmet Vegetable Assortment,Grocery,8,565.86,9,82.22,"26""W x 36""D x 66""H",5,0.14
FOIEYU,Stylish T-Shirt,Clothing,3,38.03,6,-85.45,"45""W x 31""D x 76""H",5,0.03
UWAIUV,Elegant Pen Collection,Stationary Items,3,707.65,3,-2,"10""W x 15""D x 68""H",19,0.14
VCXQ7D,Versatile Microwave,Appliances,8,831.27,10,-95.49,"24""W x 34""D x 64""H",13,0.37
A8O3SE,Functional Notebook Set,Stationary Items,12,796.99,4,-67.5,"32""W x 13""D x 32""H",14,0.23
HL28VW,Artisan Spice Set,Grocery,3,802.99,8,-9.73,"26""W x 43""D x 70""H",12,0.47
B7EYYT,Ergonomic Desk Organizer,Office Supplies,12,564.14,9,-81.5,"50""W x 36""D x 62""H",14,0.27
R32861,Premium Table,Furniture,1,719.25,2,-84.85,"11""W x 44""D x 26""H",14,0.21
1P0HN3,Functional Desk Organizer,Office Supplies,7,428.26,1,36.49,"35""W x 46""D x 77""H",7,0.43
NNGHVX,Classic Sofa,Furniture,10,10.51,8,-1.6,"48""W x 46""D x 62""H",9,0.47
PWE4ZO,Portable Mouse,Technology,10,210.83,4,99.55,"15""W x 14""D x 74""H",16,0.3
2X4GEU,Sophisticated Notebook Set,Stationary Items,6,146.54,3,3.87,"37""W x 49""D x 60""H",7,0.19
1QZOX9,Gourmet Spice Set,Grocery,5,723.69,7,98.92,"32""W x 31""D x 71""H",3,0.06
ESC9PW,Elegant Lamp,Furniture,7,837.09,2,-35.01,"39""W x 39""D x 59""H",19,0.21
FWS0UM,Practical Desk Calendar,Stationary Items,7,39.4,10,-97.9,"23""W x 17""D x 35""H",20,0.5
5QGPAT,Modern Sofa,Furniture,3,770.14,7,-75.61,"13""W x 14""D x 60""H",12,0.31
S2WCE1,Professional Pen Collection,Stationary Items,1,612.54,3,62.1,"23""W x 12""D x 51""H",17,0.44
A8OZ4U,Exclusive Decorative Piece,Others,9,544.42,2,34.62,"30""W x 37""D x 73""H",14,0.49
UA7L6O,Stylish Jeans,Clothing,6,916.76,10,33.58,"21""W x 20""D x 64""H",7,0.3
X9VF20,Functional Stapler,Office Supplies,11,648.59,9,-10.18,"20""W x 39""D x 76""H",5,0.08
U2P3UU,Refined Sticky Notes,Stationary Items,9,117.78,6,34.7,"36""W x 37""D x 30""H",4,0.32
EQHX1M,Fresh Spice Set,Grocery,4,916.46,3,-95.79,"15""W x 11""D x 20""H",20,0.23
PJGKT2,Professional Pen Collection,Stationary Items,3,316.63,5,-80.15,"44""W x 19""D x 60""H",6,0.12
IVRVVA,Elegant Portfolio,Stationary Items,1,913.81,4,-38.03,"16""W x 17""D x 67""H",13,0.47
COI6W3,Artisan Vegetable Assortment,Grocery,11,516.48,5,28.35,"29""W x 35""D x 31""H",7,0.41
UB8QEX,Functional Notebook,Office Supplies,11,857.09,4,-66.52,"12""W x 11""D x 23""H",10,0.34
F4FKVH,Durable Notebook,Office Supplies,7,808.32,4,-48.17,"28""W x 22""D x 79""H",1,0.33
Y6GYAC,Ergonomic Stapler,Office Supplies,4,763.15,5,-93.21,"22""W x 49""D x 25""H",13,0.17
P3897I,Sophisticated Stationary Organizer,Stationary Items,7,994.57,8,-63.06,"32""W x 27""D x 72""H",17,0.29
V03XJG,Practical Journal,Stationary Items,4,369.34,3,-81.01,"49""W x 12""D x 76""H",6,0.41
2DKTDB,Artisan Vegetable Assortment,Grocery,12,974.48,1,59,"31""W x 49""D x 27""H",8,0
XPY5AW,Rare Collectors Item,Others,10,977.35,10,43.1,"29""W x 25""D x 68""H",12,0.14
TZN6IM,Stylish Stapler,Office Supplies,7,503.41,1,-34.86,"37""W x 43""D x 20""H",11,0.16
6UNA24,Cute Costume,Kids Accessories,7,698.24,7,81.44,"18""W x 16""D x 27""H",8,0.21
6954PL,Efficient Refrigerator,Appliances,10,691.16,5,21.38,"44""W x 50""D x 77""H",14,0.14
23VVZE,Elegant Shoes,Clothing,9,571.3,7,28.59,"41""W x 38""D x 45""H",6,0.3
ITEFHI,Compact Refrigerator,Appliances,10,84.55,1,-76.97,"47""W x 11""D x 59""H",11,0.37
KFV9IB,Modern Rug,Furniture,10,811.69,2,-99.93,"34""W x 28""D x 30""H",10,0
4ZFJ1L,Whimsical Outdoor Playset,Kids Accessories,6,124.26,1,-100,"15""W x 31""D x 37""H",8,0.46
TK2LOT,Efficient Toaster,Appliances,4,503.79,2,-35.72,"42""W x 22""D x 64""H",4,0.26
EZCNP8,Practical Journal,Stationary Items,10,553.4,5,82.07,"25""W x 25""D x 43""H",14,0.39
77EE21,Practical Notebook Set,Stationary Items,4,583.37,8,-94.47,"13""W x 11""D x 35""H",12,0.03
FYGZM3,Local Vegetable Assortment,Grocery,4,287.04,6,-71.28,"38""W x 50""D x 58""H",14,0.44
D9LWM2,Elegant Desk Calendar,Stationary Items,10,638.2,6,-5.02,"38""W x 20""D x 62""H",19,0.49
G36DH6,Comfortable Jacket,Clothing,2,929.6,1,10.79,"35""W x 39""D x 32""H",3,0.12
23OYT5,Portable Smartphone,Technology,12,146.09,9,-74.89,"30""W x 14""D x 70""H",4,0.25
FM5BIL,Playful Art Kit,Kids Accessories,6,145.36,9,-64.01,"22""W x 20""D x 24""H",11,0.08
9JR9YI,Classic Lamp,Furniture,7,326.08,10,9.23,"16""W x 48""D x 42""H",18,0.42
Y2XD5C,Practical Desk Organizer,Office Supplies,9,553.8,4,-39.73,"12""W x 39""D x 31""H",16,0.14
DKMSEQ,Elegant Journal,Stationary Items,4,958.57,3,-32.25,"30""W x 48""D x 34""H",14,0.44
77LMWO,Fun Toy Set,Kids Accessories,8,561.97,9,74.24,"48""W x 27""D x 80""H",9,0.02
WYE0X6,Exclusive Artisanal Craft,Others,8,49.62,4,-27.64,"43""W x 26""D x 54""H",19,0.17
G9O2PF,Whimsical Costume,Kids Accessories,2,480.18,5,-7.88,"14""W x 11""D x 60""H",1,0.08
QVIURZ,Luxurious Collectors Item,Others,5,797.11,7,65.22,"40""W x 40""D x 66""H",10,0.37
VAEJDC,Modern Blender,Appliances,2,500.12,7,74.13,"15""W x 50""D x 21""H",2,0.48
B5JKRE,Exclusive Collectors Item,Others,9,130.41,9,-88.81,"13""W x 39""D x 76""H",3,0.14
ULB20S,Casual Shoes,Clothing,10,774.76,6,16.61,"25""W x 44""D x 60""H",8,0.16
I4OMTZ,Versatile Microwave,Appliances,1,482.62,4,-26.75,"21""W x 10""D x 23""H",1,0.11
5KXIFN,High-quality Rug,Furniture,10,679.65,6,-27.1,"43""W x 45""D x 36""H",9,0.3
F4EWAU,Compact Toaster,Appliances,7,211,2,-32.59,"14""W x 40""D x 48""H",16,0.35
MDY38C,Organic Vegetable Assortment,Grocery,3,51.42,9,-53.45,"43""W x 35""D x 69""H",8,0.34
M0BJ4B,Fresh Vegetable Assortment,Grocery,6,536.5,7,-32.08,"30""W x 27""D x 65""H",4,0.23
8N2166,Rare Masterpiece,Others,10,978.3,6,-21.75,"11""W x 48""D x 46""H",16,0.39
FD1SGG,Sophisticated Portfolio,Stationary Items,2,130.79,2,-9.56,"21""W x 43""D x 35""H",2,0.37
I6JUVC,Wireless Mouse,Technology,5,718.58,1,-64.16,"15""W x 48""D x 36""H",18,0.16
PSMV87,Interactive Art Kit,Kids Accessories,7,551.81,3,30.66,"39""W x 27""D x 64""H",10,0.13
N1ISN5,Elegant Notebook Set,Stationary Items,7,967.02,10,-19.42,"22""W x 42""D x 60""H",16,0.13
O45ZX1,Classic Portfolio,Stationary Items,12,890.9,1,11.27,"12""W x 27""D x 78""H",6,0.04
JNJKU4,Durable File Cabinet,Office Supplies,10,738.9,9,66.62,"22""W x 32""D x 22""H",4,0.14
FPXS93,Functional Notebook Set,Stationary Items,9,546.08,8,-37.62,"18""W x 28""D x 23""H",19,0.23
HYIGP4,Stylish Jeans,Clothing,5,612.48,2,17.39,"43""W x 11""D x 22""H",18,0.39
H0F9ZW,Elegant Jeans,Clothing,11,561.77,4,41.41,"27""W x 25""D x 40""H",6,0.23
IHV11H,Luxury Rug,Furniture,3,480.73,8,67.64,"32""W x 16""D x 76""H",1,0.25
2ZWES8,Colorful Art Kit,Kids Accessories,1,13.82,6,7.16,"35""W x 35""D x 26""H",7,0.11
7DWVS0,Comfortable Sweater,Clothing,12,558.77,9,51.91,"41""W x 46""D x 48""H",1,0.24
F806ZB,Compact Tablet,Technology,8,858.29,7,-73.16,"23""W x 11""D x 50""H",14,0.04
O84WWJ,Fashionable Sweater,Clothing,10,342.99,3,66.67,"43""W x 50""D x 66""H",5,0.2
7RYBT7,Natural Dessert Box,Grocery,4,676.75,4,-85.39,"40""W x 18""D x 24""H",7,0.1
ESIL5A,Versatile Toaster,Appliances,12,861.69,1,-6.47,"13""W x 16""D x 44""H",15,0.3
GKYT7A,Classic Stationary Organizer,Stationary Items,1,198.52,10,-59,"15""W x 43""D x 80""H",2,0.33
XLIAB2,Educational Plush Toy,Kids Accessories,1,851,9,35.78,"34""W x 47""D x 50""H",10,0.19
0858OG,Professional Desk Calendar,Stationary Items,10,470.67,3,37.06,"44""W x 22""D x 74""H",5,0.09
OROL9T,Elegant Journal,Stationary Items,4,411.59,7,11.37,"20""W x 40""D x 36""H",14,0.05
8UTMWU,Practical Calculator,Office Supplies,1,361.3,3,16.4,"50""W x 36""D x 36""H",2,0.29
K6BYKN,Stylish Jeans,Clothing,3,517.44,6,12.84,"17""W x 30""D x 38""H",18,0.5
UVFMW0,Sophisticated Desk Calendar,Stationary Items,9,538.56,9,40.59,"50""W x 47""D x 31""H",4,0.21
HMD2E5,Luxury Rug,Furniture,6,782.79,2,-8.88,"16""W x 37""D x 60""H",14,0.35
Z2YFHK,Practical Stationary Organizer,Stationary Items,4,146.19,1,-36.17,"49""W x 40""D x 46""H",7,0.26
F3G24O,Luxury Chair,Furniture,7,490.85,3,-70.6,"39""W x 47""D x 32""H",19,0.07
GLMFLD,Premium Masterpiece,Others,5,660.68,2,-60.29,"44""W x 27""D x 23""H",2,0.25
7Q0WTQ,Stylish Refrigerator,Appliances,6,258.01,5,76.99,"33""W x 39""D x 74""H",3,0.3
0GSRTJ,Professional Stationary Organizer,Stationary Items,9,225.28,2,9.33,"33""W x 27""D x 51""H",8,0.5
9O06LS,Limited Edition Decorative Piece,Others,11,143.49,8,-44.68,"23""W x 21""D x 55""H",8,0.27
A79Z83,Stylish Coffee Maker,Appliances,5,929.31,9,43.28,"44""W x 14""D x 68""H",2,0.4
EQLM8O,Deluxe Bookcase,Furniture,12,883.73,5,-26.83,"30""W x 45""D x 22""H",19,0.16
W7E7WW,Stylish File Cabinet,Office Supplies,1,978.27,9,43.8,"29""W x 13""D x 41""H",4,0.44
29V2EO,Interactive Outdoor Playset,Kids Accessories,9,134.34,6,1.91,"20""W x 35""D x 59""H",18,0.01
UWMZZP,Luxury Desk,Furniture,9,917.37,3,-21,"38""W x 14""D x 50""H",8,0.45
I770C0,Organic Cheese Selection,Grocery,6,51.68,9,-36.54,"40""W x 16""D x 41""H",1,0.36
1F9A02,Modern Desk,Furniture,12,586.02,7,70.33,"28""W x 46""D x 37""H",10,0.06
HRFFMX,Reliable Blender,Appliances,9,932.21,2,-87.89,"27""W x 10""D x 50""H",4,0.45
676B8N,Sophisticated Stationary Organizer,Stationary Items,8,474.44,10,-34.47,"44""W x 17""D x 26""H",20,0.24
XAVI7Q,Practical Portfolio,Stationary Items,9,273.55,4,92.5,"45""W x 25""D x 45""H",19,0.22
7FDV3M,Playful Plush Toy,Kids Accessories,1,486.55,9,63.12,"38""W x 41""D x 28""H",14,0.18
4BX0TS,Compact Keyboard,Technology,5,88.08,9,93.69,"27""W x 31""D x 74""H",15,0.41
NBKNIL,Fashionable Skirt,Clothing,6,141.83,5,-23.51,"21""W x 40""D x 50""H",3,0.12
PZJBDA,Comfortable Skirt,Clothing,1,521.72,1,66.97,"12""W x 14""D x 43""H",10,0.11
ZQE20D,Deluxe Table,Furniture,12,102.34,2,57.7,"24""W x 35""D x 41""H",3,0
WXR2NZ,Elegant Dress,Clothing,8,368.8,6,98.71,"20""W x 48""D x 76""H",7,0.39
LA5HIM,Professional Binder,Office Supplies,8,904.09,9,-75.84,"24""W x 13""D x 39""H",3,0.01
E5FCRB,Energy-saving Coffee Maker,Appliances,6,251.66,1,-7.26,"27""W x 41""D x 32""H",6,0.45
HENEJX,Advanced Tablet,Technology,6,69.17,10,-94.28,"12""W x 40""D x 67""H",8,0.38
DCQ5E5,Luxury Table,Furniture,10,985.24,9,-33.05,"36""W x 25""D x 40""H",19,0.07
B5T5MH,Organic Bread Sampler,Grocery,3,803.4,1,74.17,"27""W x 22""D x 79""H",5,0.44
RMK8BJ,Artisan Bread Sampler,Grocery,4,964.32,2,66.07,"11""W x 34""D x 44""H",14,0.28
MBJ25A,Professional Desk Calendar,Stationary Items,1,725.55,7,22.06,"15""W x 50""D x 29""H",11,0.27
WW7PO2,Classic Sticky Notes,Stationary Items,5,996.53,5,-65.04,"26""W x 29""D x 42""H",1,0.44
QLBIW2,Practical Pen Collection,Stationary Items,3,186.92,5,95.42,"35""W x 21""D x 59""H",13,0.47
EUA9Q7,Fresh Spice Set,Grocery,2,268.11,1,3.34,"31""W x 32""D x 25""H",19,0.25
34SU1D,Exclusive Collectors Item,Others,10,370.75,6,-55.85,"33""W x 10""D x 20""H",10,0.3
R8QHZZ,Comfortable T-Shirt,Clothing,4,927.12,2,-10.41,"43""W x 25""D x 55""H",3,0.4
1TOXN7,Colorful Outdoor Playset,Kids Accessories,12,175.66,1,-43.28,"33""W x 29""D x 68""H",4,0.16
CNEY7A,Functional Pen Set,Office Supplies,7,257.51,1,-0.78,"46""W x 34""D x 66""H",18,0.33
MGOOIY,Modern Desk,Furniture,5,823.64,1,-30.5,"46""W x 10""D x 46""H",10,0.25
EX7896,Comfortable T-Shirt,Clothing,2,434.58,3,-74.88,"13""W x 46""D x 29""H",20,0.39
AK7UCQ,Luxurious Exquisite Object,Others,4,864.56,2,3.36,"29""W x 41""D x 59""H",9,0.1
3Y9ZOC,Wireless Headphones,Technology,4,260.76,2,-29.82,"27""W x 17""D x 51""H",4,0.21
VYANKH,Special Treasure,Others,4,13.38,2,-63.75,"14""W x 18""D x 35""H",7,0.21
4DKC3B,Fun Toy Set,Kids Accessories,5,740.58,8,96.29,"11""W x 30""D x 37""H",14,0.37
WIVDJI,Premium Handcrafted Artifact,Others,10,676.03,2,-12.64,"34""W x 31""D x 47""H",16,0.34
L0UPFP,Exclusive Treasure,Others,3,139.27,8,-46.95,"12""W x 16""D x 20""H",2,0.31
NOVT50,Reliable Toaster,Appliances,3,863.22,8,60.09,"11""W x 42""D x 45""H",11,0.44
4CNGRE,Whimsical Puzzle,Kids Accessories,4,185.11,1,47.88,"45""W x 28""D x 55""H",11,0.21
A49K1R,Functional Calculator,Office Supplies,12,453.85,4,80.05,"27""W x 38""D x 20""H",20,0.17
YOPMY0,Versatile Coffee Maker,Appliances,8,11.66,9,16.62,"19""W x 25""D x 62""H",2,0.21
BSBSET,Modern Vacuum Cleaner,Appliances,5,488.09,8,-20.09,"17""W x 12""D x 44""H",20,0.38
RYVY63,Comfortable Sweater,Clothing,5,854.12,3,28.33,"40""W x 44""D x 43""H",5,0.15
HFQMIM,Unique Masterpiece,Others,1,150.07,3,73.82,"24""W x 25""D x 41""H",16,0.37
527MDJ,Local Snack Pack,Grocery,12,552.12,7,46.26,"27""W x 41""D x 60""H",19,0.22
1UPEOF,Luxurious Exquisite Object,Others,8,293.24,8,72.78,"36""W x 18""D x 61""H",20,0.17
EMNIDF,Artisan Fruit Basket,Grocery,8,337.32,1,87.68,"48""W x 33""D x 68""H",15,0.25
TXPPFE,Stylish Stapler,Office Supplies,2,233.41,3,56.66,"29""W x 33""D x 65""H",17,0.45
FT8EVJ,Educational Toy Set,Kids Accessories,2,925.31,10,74.78,"28""W x 35""D x 27""H",2,0.04
IY8IMU,Durable Desk Organizer,Office Supplies,10,155.36,1,-93.34,"32""W x 28""D x 28""H",3,0.03
SRWFNB,Fashionable Dress,Clothing,3,669.39,10,-23.17,"15""W x 43""D x 46""H",5,0.28
6J1TGK,Refined Notebook Set,Stationary Items,8,670.58,8,-5.46,"11""W x 20""D x 59""H",15,0.45
KB2PEN,Innovative Keyboard,Technology,11,707.02,10,-75.25,"38""W x 20""D x 37""H",19,0.41
IVLWR4,Comfortable Dress,Clothing,8,152.44,9,42.38,"17""W x 15""D x 56""H",5,0.39
ZXE1G7,Portable Tablet,Technology,3,588.87,2,85.28,"13""W x 31""D x 53""H",8,0.3
0IPA7H,Wireless Mouse,Technology,12,820.9,4,58.03,"22""W x 37""D x 72""H",12,0.23
S214IJ,Fresh Vegetable Assortment,Grocery,1,585.87,8,-21.32,"21""W x 11""D x 70""H",10,0.49
VQG7WT,Compact Dishwasher,Appliances,2,868.76,7,63.24,"38""W x 11""D x 64""H",8,0.04
L544SR,Innovative Printer,Technology,4,189.44,1,-77.94,"23""W x 31""D x 65""H",5,0.46
YMF12T,Rare Collectors Item,Others,3,135.07,5,-29.96,"19""W x 43""D x 50""H",2,0.13
XZY3ZZ,Classic Table,Furniture,1,994.39,9,-20.06,"21""W x 19""D x 33""H",17,0.31
5P1VX6,Stylish Desk Organizer,Office Supplies,10,925.15,6,-25.06,"21""W x 45""D x 57""H",11,0.18
G11ONI,Stylish File Cabinet,Office Supplies,12,538.01,5,-69.07,"31""W x 39""D x 21""H",19,0.05
LBLDFR,Premium Artisanal Craft,Others,10,720.71,8,-3.55,"24""W x 41""D x 75""H",10,0
GVL1YM,Colorful Plush Toy,Kids Accessories,2,702.68,10,-46.51,"34""W x 45""D x 42""H",1,0.25
SC4N0O,Elegant Stationary Organizer,Stationary Items,11,164.21,10,-73.9,"16""W x 24""D x 49""H",14,0.1
L9TGT1,Fashionable Jeans,Clothing,4,182.1,10,-24.49,"12""W x 34""D x 31""H",12,0.41
D6ZQB6,Portable Printer,Technology,1,82.6,4,-10.23,"43""W x 34""D x 38""H",19,0.1
3DT1D4,Limited Edition Treasure,Others,9,802.53,2,-66.8,"24""W x 12""D x 22""H",18,0.16
RHD6BL,Educational Outdoor Playset,Kids Accessories,4,119.71,4,-20.17,"27""W x 31""D x 20""H",8,0.1
JZ2G74,Cute Building Blocks,Kids Accessories,5,188.12,3,-95.15,"46""W x 10""D x 50""H",6,0.17
RIEE3H,Premium Chair,Furniture,1,587.66,1,45.06,"35""W x 12""D x 26""H",7,0.37
H9KYX0,Efficient Vacuum Cleaner,Appliances,5,513.41,3,-21.27,"39""W x 45""D x 49""H",1,0.06
XVDT97,Stylish Toaster,Appliances,5,142.03,10,-32.96,"43""W x 26""D x 48""H",9,0.23
NQUAFK,Natural Spice Set,Grocery,3,702.94,3,-5.52,"17""W x 25""D x 36""H",15,0.47
2NJRN8,Trendy Shoes,Clothing,11,86.27,10,-30.56,"15""W x 49""D x 37""H",9,0.29
RDK9VT,Compact Vacuum Cleaner,Appliances,3,28.79,4,-82.29,"46""W x 48""D x 41""H",2,0.46
IE79FZ,Classic Sofa,Furniture,11,890.73,7,-80.48,"49""W x 22""D x 79""H",12,0.12
D4EG0Z,Elegant Bookcase,Furniture,1,470.66,5,55.92,"25""W x 38""D x 77""H",1,0.02
UZCH7G,Gourmet Bread Sampler,Grocery,6,624.57,8,95.47,"45""W x 10""D x 73""H",2,0.34
TXSU11,Durable Stapler,Office Supplies,4,85.37,10,-82.89,"33""W x 37""D x 20""H",18,0.05
2W1VCJ,Modern Bookcase,Furniture,10,402.46,9,-91.34,"21""W x 17""D x 22""H",16,0.5
QBRGL8,Classic Table,Furniture,9,312.63,2,-55.66,"39""W x 34""D x 22""H",19,0.34
HI1BDB,Classic Notebook Set,Stationary Items,3,529.47,6,-68.05,"17""W x 32""D x 32""H",18,0.15
L5ZJO2,Exclusive Decorative Piece,Others,3,198.05,7,-48.25,"20""W x 43""D x 39""H",17,0.31
IG4G7S,Unique Treasure,Others,4,505,5,38.32,"46""W x 26""D x 68""H",20,0.03
UB41RO,Efficient Blender,Appliances,11,719.28,10,50.9,"31""W x 32""D x 75""H",19,0.07
P9CMBX,Educational Art Kit,Kids Accessories,7,892.76,1,80.62,"49""W x 15""D x 20""H",16,0.35
2EM4VW,Cute Puzzle,Kids Accessories,1,919.93,9,82.2,"31""W x 45""D x 48""H",13,0.39
OAOL3B,Stylish Desk Organizer,Office Supplies,9,734.69,2,49.21,"43""W x 27""D x 58""H",5,0.33
28XVG0,Energy-saving Vacuum Cleaner,Appliances,5,413.17,5,-87.76,"48""W x 14""D x 34""H",4,0.48
AKJAG2,Chic Shoes,Clothing,4,78.79,8,58.51,"44""W x 18""D x 42""H",3,0.49
LXQ6VY,High-quality Desk,Furniture,3,648.55,6,61.86,"28""W x 33""D x 56""H",13,0.29
HNXIIY,Luxury Lamp,Furniture,4,358.26,4,56.46,"47""W x 45""D x 31""H",3,0.38
87QVJ9,Fresh Cheese Selection,Grocery,6,647.43,9,-36.44,"37""W x 46""D x 77""H",19,0.08
1RY2YS,Luxurious Collectors Item,Others,9,376.11,8,8.1,"42""W x 40""D x 60""H",10,0.02
L60PDK,Compact Laptop,Technology,12,165.29,6,19.47,"22""W x 43""D x 35""H",13,0.3
E0A8LS,Elegant Jeans,Clothing,1,34.06,3,25.01,"36""W x 28""D x 26""H",11,0.41
P24YZC,Sleek Stapler,Office Supplies,1,910.91,6,-59.15,"34""W x 31""D x 48""H",11,0.48
AA4XPE,Luxurious Artisanal Craft,Others,4,399.74,9,2.33,"20""W x 10""D x 62""H",6,0.31
WF2NWC,Trendy Skirt,Clothing,5,307.55,7,-95.13,"32""W x 38""D x 39""H",3,0.21
ATSSE7,Functional Pen Set,Office Supplies,4,762.8,10,66.54,"11""W x 42""D x 50""H",2,0.02
F35MBT,Deluxe Desk,Furniture,7,601.11,4,-54.66,"32""W x 30""D x 67""H",14,0.28
KCB8QJ,Chic T-Shirt,Clothing,1,334.29,7,55.59,"14""W x 16""D x 74""H",17,0.3
IK8PLH,Trendy Skirt,Clothing,5,560.53,4,-89.57,"25""W x 40""D x 40""H",14,0.41
HTKPZE,Versatile Toaster,Appliances,6,365.53,2,17.55,"12""W x 15""D x 58""H",14,0.39
2CBVDH,Luxurious Treasure,Others,9,499.57,6,83.79,"30""W x 15""D x 36""H",14,0.04
NPY3J6,Modern Microwave,Appliances,12,351.31,8,-68.74,"32""W x 50""D x 45""H",11,0.39
NAHPKS,High-quality Rug,Furniture,3,80.61,3,-15.89,"10""W x 43""D x 41""H",9,0.5
PRTZ9E,Wireless Smartphone,Technology,7,635.61,3,12.43,"27""W x 25""D x 53""H",20,0.44
1J2Y5H,Smart Printer,Technology,5,584.12,4,-25.9,"23""W x 43""D x 31""H",5,0.26
SVBFS1,Artisan Dessert Box,Grocery,9,655.29,6,-76.01,"29""W x 19""D x 22""H",2,0.18
59RJE6,Advanced Keyboard,Technology,5,515.52,3,-16.05,"26""W x 20""D x 72""H",8,0.29
DPW7YA,Interactive Costume,Kids Accessories,4,452.81,9,7.8,"11""W x 48""D x 44""H",3,0.23
ZRZ0EF,Reliable Microwave,Appliances,3,242.52,3,62.39,"29""W x 12""D x 36""H",12,0.2
O121JB,Deluxe Bookcase,Furniture,11,621.9,2,48.58,"43""W x 44""D x 49""H",2,0.07
2XCSU0,Advanced Headphones,Technology,5,854.58,9,-97.17,"35""W x 37""D x 63""H",9,0.39
8ZW5NG,Efficient Vacuum Cleaner,Appliances,6,459.65,1,60.84,"37""W x 20""D x 49""H",18,0.19
W5H1CJ,Educational Costume,Kids Accessories,3,372.08,10,7.98,"23""W x 29""D x 70""H",9,0.21
SRTZAX,Elegant Desk Calendar,Stationary Items,5,494.55,7,78.62,"11""W x 20""D x 63""H",20,0.49
WYJP2E,High-tech Smartphone,Technology,12,427.09,2,-67.5,"27""W x 35""D x 54""H",18,0.08
WV2DG8,Casual Dress,Clothing,2,923.63,8,-13.95,"14""W x 39""D x 76""H",6,0.19
X51FMR,Limited Edition Decorative Piece,Others,8,703.26,6,28.48,"30""W x 36""D x 36""H",6,0.35
IHULV3,Colorful Plush Toy,Kids Accessories,5,860.69,4,36.54,"31""W x 19""D x 27""H",10,0.3
RA4MSJ,Durable Desk Organizer,Office Supplies,9,565.13,10,-2.48,"21""W x 34""D x 48""H",9,0.49
9IV40G,Rare Treasure,Others,5,250.76,8,35.29,"48""W x 40""D x 49""H",7,0.48
FI5YTQ,Fun Outdoor Playset,Kids Accessories,5,350.63,9,30.08,"42""W x 26""D x 46""H",14,0.11
VE2YSH,Modern Table,Furniture,6,264.82,10,-66.05,"31""W x 16""D x 29""H",12,0.29
HV1X8I,Limited Edition Masterpiece,Others,6,595.2,8,42.89,"45""W x 49""D x 54""H",13,0.3
6L564K,High-tech Mouse,Technology,1,786.49,5,-26.38,"29""W x 37""D x 61""H",9,0.17
UJM0W7,Practical Pen Collection,Stationary Items,6,638.87,6,-85.92,"20""W x 45""D x 38""H",7,0.45
QN50QR,Professional Notebook,Office Supplies,12,461.46,8,85.05,"40""W x 34""D x 26""H",8,0.44
CMHFKT,Premium Chair,Furniture,1,431.2,9,40.74,"25""W x 12""D x 64""H",6,0.07
E2E6YW,Elegant Lamp,Furniture,7,580.18,6,36.64,"28""W x 41""D x 41""H",10,0.31
ZCM6J8,Advanced Headphones,Technology,11,393.33,9,-96.49,"20""W x 11""D x 78""H",6,0.3
OIC8R3,Whimsical Outdoor Playset,Kids Accessories,11,930.05,10,-87.73,"29""W x 50""D x 21""H",12,0.41
92MVTY,Luxurious Masterpiece,Others,4,425.85,7,-15.05,"29""W x 45""D x 27""H",4,0.25
6ZCDGF,Functional Stapler,Office Supplies,1,443.85,6,-19.04,"14""W x 29""D x 33""H",14,0.48
4QKZGP,Organic Cheese Selection,Grocery,8,10.66,10,-92.27,"17""W x 14""D x 72""H",10,0.25
V56F1E,Luxurious Collectors Item,Others,3,171.87,1,-99.64,"41""W x 23""D x 34""H",18,0.04
5BZ3D0,Fresh Dessert Box,Grocery,12,124.47,1,-74.86,"12""W x 43""D x 54""H",9,0.16
CNI5GM,Smart Headphones,Technology,6,554.35,5,16.27,"18""W x 15""D x 40""H",3,0.45
42ZONL,Organic Fruit Basket,Grocery,10,36.75,1,59.75,"10""W x 46""D x 21""H",14,0.21
GN6PBX,Smart Headphones,Technology,9,974.33,10,-55.48,"36""W x 20""D x 21""H",15,0.37
8RSWMP,Stylish Jacket,Clothing,1,638.62,7,-99.6,"22""W x 12""D x 46""H",6,0.19
8159BT,Modern Desk,Furniture,8,900.57,3,19.95,"46""W x 40""D x 53""H",1,0.49
I0WDX2,Cute Plush Toy,Kids Accessories,7,397.69,6,63.28,"11""W x 37""D x 47""H",12,0.45
LO90Y0,Cute Puzzle,Kids Accessories,8,124.53,5,0.38,"21""W x 43""D x 47""H",11,0.11
TLZBWF,Energy-saving Microwave,Appliances,8,393.79,8,76.52,"32""W x 37""D x 28""H",3,0.4
NK365H,Elegant Sweater,Clothing,1,561.27,5,-83,"48""W x 13""D x 25""H",1,0.33
5W7VU7,Classic Notebook Set,Stationary Items,5,639.46,7,-66.34,"46""W x 24""D x 40""H",19,0.47
5WTQES,Stylish T-Shirt,Clothing,2,236.59,3,19.1,"44""W x 43""D x 64""H",12,0.08
X2U914,Professional Journal,Stationary Items,12,495.76,9,1.59,"15""W x 19""D x 50""H",18,0.23
SIT669,Practical Binder,Office Supplies,11,601.68,1,24.53,"39""W x 13""D x 26""H",15,0.08
GRBHEY,Classic Desk Calendar,Stationary Items,10,183.81,3,-88.51,"25""W x 35""D x 67""H",8,0.22
TSOCD9,Modern Refrigerator,Appliances,6,103.95,7,77.63,"12""W x 16""D x 33""H",2,0.23
PERVHN,Rare Artisanal Craft,Others,8,313.06,2,94.08,"45""W x 33""D x 63""H",14,0.05
IZTR0U,Energy-saving Dishwasher,Appliances,1,937.36,10,-79.06,"47""W x 35""D x 64""H",13,0.04
KG0BFM,Special Treasure,Others,12,400.73,8,47.77,"36""W x 15""D x 79""H",16,0.04
H4YYPW,Sleek Notebook,Office Supplies,7,880.23,2,3.67,"35""W x 13""D x 41""H",4,0.15
0LEWNE,Advanced Smartphone,Technology,10,241.61,5,-60.46,"44""W x 34""D x 28""H",11,0.17
DXYAA4,Healthy Cheese Selection,Grocery,10,200.08,10,-53.17,"24""W x 48""D x 28""H",9,0.13
OMCJE1,Compact Mouse,Technology,6,364.95,9,-4.87,"32""W x 46""D x 37""H",19,0.19
KSKQ38,Special Decorative Piece,Others,4,887.61,10,-36.26,"36""W x 30""D x 69""H",12,0.26
RTXOXO,Advanced Headphones,Technology,9,467.5,6,61.41,"23""W x 19""D x 68""H",10,0.05
QA6VSW,Wireless Headphones,Technology,6,30.06,9,4.93,"18""W x 45""D x 41""H",14,0.18
JS4BLP,Exclusive Decorative Piece,Others,12,690.21,2,27.69,"19""W x 26""D x 50""H",5,0.49
IIXYGG,Ergonomic Calculator,Office Supplies,4,174.56,6,82.74,"11""W x 43""D x 23""H",2,0.48
7P8442,Modern Vacuum Cleaner,Appliances,9,424.83,10,-40.54,"32""W x 43""D x 73""H",13,0.03
RLT5CY,Refined Stationary Organizer,Stationary Items,8,46.81,8,47.55,"42""W x 14""D x 57""H",12,0.18
4SF3EN,Elegant Sticky Notes,Stationary Items,11,124.22,8,79.53,"48""W x 43""D x 53""H",19,0.24
3CDC20,Fresh Cheese Selection,Grocery,11,499.64,6,4.79,"44""W x 46""D x 75""H",12,0.2
K2EZF2,Wireless Printer,Technology,3,561,2,-57.34,"14""W x 24""D x 28""H",5,0.12
0PJKMG,Organic Snack Pack,Grocery,8,791.17,1,-91.79,"37""W x 17""D x 70""H",7,0.25
6O71MD,Durable Notebook,Office Supplies,8,739.19,3,60.28,"16""W x 44""D x 54""H",3,0.49
VH722X,Elegant Jeans,Clothing,11,741.66,4,-13.16,"28""W x 46""D x 61""H",12,0.33
QSPBTE,Artisan Dessert Box,Grocery,2,504.55,9,97.83,"45""W x 34""D x 34""H",15,0.35
PWEBLA,Ergonomic Calculator,Office Supplies,5,295.22,2,91.46,"36""W x 40""D x 66""H",5,0.36
5DLXZ4,Rare Masterpiece,Others,8,544.96,8,65.2,"40""W x 44""D x 36""H",2,0.15
S7GI9O,Advanced Laptop,Technology,4,669.88,5,-32.6,"35""W x 38""D x 73""H",16,0.07
52RGAF,Compact Blender,Appliances,8,521.33,8,-43.69,"25""W x 32""D x 75""H",7,0.47
7BZ4AI,Local Spice Set,Grocery,4,772.07,9,-93.09,"18""W x 45""D x 43""H",11,0.47
Z1PDVZ,Playful Puzzle,Kids Accessories,10,980.35,1,-51.22,"16""W x 23""D x 44""H",11,0.38
PAO2EP,Elegant Sticky Notes,Stationary Items,3,84.87,3,77.11,"35""W x 40""D x 69""H",13,0.37
95LY92,Fresh Spice Set,Grocery,9,647.63,9,-43.59,"34""W x 37""D x 55""H",19,0.09
D9HWVG,Fresh Vegetable Assortment,Grocery,1,367.5,1,-2.47,"33""W x 21""D x 52""H",5,0.31
BWXA6A,Fun Art Kit,Kids Accessories,8,112.27,9,36.66,"13""W x 36""D x 40""H",9,0.01
CE6CM0,Rare Exquisite Object,Others,2,634.86,10,54.57,"41""W x 43""D x 71""H",6,0.08
N8XAQB,Functional Notebook,Office Supplies,9,368.11,3,82.42,"20""W x 37""D x 55""H",18,0.02
F0BBVV,Modern Sofa,Furniture,6,523.67,7,59.77,"28""W x 23""D x 46""H",15,0.2
Z5D351,Gourmet Fruit Basket,Grocery,11,42.24,1,54.95,"15""W x 28""D x 44""H",17,0.33
LN9WCE,Fresh Fruit Basket,Grocery,9,964.2,9,-21.46,"37""W x 26""D x 22""H",17,0.41
